"collections, abc, iterator, iterable, counter, isinstance"
"middleware, password, auth, dev, contrib, testproject"
"obj, user, superuser, active, perm, return"
"reload, lower, state, model, label, app"
"popen, wait, subprocess, environ, exit, args"
"submit, prop, disabling, submission, button, disabled"
"question, middleware, password, wsgi, dev, djangoproject"
"perm, backends, user, obj, all, permissions"
"backend, parameters, path, create, request"
"urlresolvers, reverse, core, import, from"
"axios, similary, xsrf, csrftoken, xsrfcookiename, xsrfheadername"
"elem, node, length, self, prop, event"
"qunit, color, helvetica, neue, banner, filteredtest"
"related, query, init, self, def"
"autocomplete, httprequest, the, given, request, method"
"submit, disabled, buttons, disabling, submission, prevent"
"smoker, file, this"
"middleware, self, blanket, reg, xregexp, assert"
"publisher, category, sum, multiplied, ticket28811tests, multiplier"
"chef, proxychef, albert, proxy, supplier, worker"
"python3, win32, platform, sys"
"fastcgi, fast, apache, flup, fcgi, runfcgi"
"suite, parallel, rest, partition, non"
"inconsistent, migration, history, file, recorder"

"django作为python, web, django"
"expiry, _last_modification, session_cookie_age, timedelta, age"
"paginator, page, loop, page_range, assertin, list"
"self, availability, the, postgis, widget, https"
"file, test, this"
"can_filter, slices, ensure, update, values_list, slice"
"empty_value, display, value, self, none, assertequal"
"foundation, copyright, software, python, license, see"
"please, get_urls, refer, modeladmin, examples, meth"
"sitemap, ping, protocol, url, google, full"
"get_user_permissions, _perm_cache, test_user, user_obj, user, backend"
"pyd, extension, cookie, pytz, ext, modules"
"seperately, quote, parts, schema, split, join"
"max, length, charfield, models, description, name"
"docked, component, weight, sideweight, false, stripe"
"first_author, margaret, jackson, smith_index, authors, first"
"mapping, city, density, population, shp, geom"
"decrement, decremented, incremented, increment, other, values"
"component, project, option, serverdata, name, manager"
"_result_cache, prefetch, clone, _prefetch_done, self"
"request, language, lang, get, none, iis"
"python, host, rsplit, legal, ajax, urlencode"
"entry_set, many, relationship, backward, relations, entry"
"user, model, get, auth, contrib, import"
"git, email, export, committer, correct, chenhebuaa"
"logger, messages, hierarchy, sends, higher, console"
"print, lib, path"
"comment, keep"
"child, row1, tbody, href, new, name"
"gaia, libspatialite, sins, sources, gis, www"
"app, module, name, check, importerror, improperly"
"world, hello, this, test, text, strip"
"get_schema, site, connection, cache, del, instance"
"get_client_ip, forwarded, request, addr, remote, client"
"timezone_name, tzname, use_tz, connection, convert, field"
"datetime, val, date, isoformat, random_datetime"
"git, commit, first, test, this, the"
"jack, black, james, jane, doe, smith"
"classroom, students, engineering, student, school, alias"
"yeyeye, hub, git, just, test"
"cls, instance, values"
"expires, appended, replaced, set, read, requires"
"gdal21, gdal20, gdal111, gdal110, gdal19, gdal202"
"regex, preprocessor, url, urlpreprocessor, _url_context, chapter"
"found, timedelta, timezone, now, datetime, not"

"python中logging, config, dictconfig, logging, dict, rsplit"
"results_iter, compiler, sql"
"find, returning, processing, response, need, request"
"extract, week, extractweekdayindex, day, trunc, extractsecond"
"samesite, lax, cookie, morsel, session, simplecookie"
"atomic, define, possible, example, other, use"
"secret, tk0, token, check_token, tk1"
"ssl, cert, key, dict, get, options"
"optional, blank, fewer, attr, email, characters"
"pragma, conn, execute, keys, foreign"
"publication, date, article, publication_date, headline, objects"
"dependency, javascript, creates, selected, prepopulated, ids"
"text, index, field, info, noteinfoindexed"
"headline, entry, filter, objects"
"middleware, true, xregexp, self, false, token"
"validators, username, help, texts, validator, username_validation"
"decimal, digits, decimalfield, places, max, field"
"djongo, codename, ctype, perms, permission, ctypes"
"urlresolvers, reverse, core, import, from, django"
"inlines, get_inlines, hook, request, modeladmin, specifying"
"paragraphs, random, wrapped, three, tags, each"
"quotes, single, double, unless, use, strings"
"filenames, watch_files, watch, new, settings, hasattr"
"converts, commas, becomes, digits, representation, string"
"status, object, mixin, check, objectstatusmixin, self"
"terminal, shell, prompt, indicate, command, python"
"mxfile, intel, gecko, diagram, macintosh, mac"
"islink, symlink, path, full, not, self"
"field, many, onetoonefield, one, friend"
"object_list, paginator, vendor, unsupported, estimations"
"mxfile, intel, gecko, diagram, macintosh, mac"
"birth, birth_date_view, birth_date, modeladmin, personadmin, admin"
"course, still, work, there, more"
"your, modeladmin, save, delete, overriding, call"
"textarea, label, attrs, choice_label, flatatt, final"
"columns, unsupported, constraint, meta, comments, constraints"
"abstractuser, abstract, auth, user, contrib, models"
"session, value_to_string, user, _meta, request, key"
"self, the, field, model, test, pony"
"response, _response, charset, content, ascii"
"autocommit, reporter, rollback, transaction, orm, nonautocommittests"
"csv, writer, cursor, echo, columns, write"
"finally, relatively, lengths, limits, columns, tables"
"cached, property"
"extension, hstore, hstoreextension, privileges, migration, postgres"
"uuid, 5c859437, d061, b3f7, e6b78852f8c8, c7853ec1"
"exceeded, post, request, number, fields, the"
"view_for_loader_test, loader, default_engine, get_dirs, directories, html"
"twofields, objs, batch, bulk_create, objects, fixed"
"conflict, r'^conflict, resolver, url, arg, view"
"urlresolvers, reverse, core, import, from, django"
"judge, vic, meaningless, learn, none, cache"
"distinct, lookup, changelist, params, band, quartet"
"choices, optgroup, article, opt_group, choice, ernest"
"catalog, i18n, patterns, javascriptcatalog, r'^jsi18n, java"
"port, dict, settings"
"self, the, quote, staticfiles, finders, kwargs"
"format, month, year, datetime, date"
"aggregate, avg, salary, aggregates, monthly, field"
"self, six, unicode, the, returns, literals"
"oops, reporter, items, request, none, pre"
"file, edit, pollsconfig, configuration, the, include"
"render_to_response, get_context_data, kwargs, self, return"
"literals, unicode, literals\n\n, content, path, coding"
"cdnjs, cloudflare, openlayers, https, needs`, media"
"event, selectedindex, chosen, keycode, filter, field"
"formatter, classes, sublist, common, html, else"
"search, searchquery, query, combinable, searched"
"displays, normalize, num1|floatformat, num2|floatformat, num3|floatformat, arg"
"invalid_models, setting, m2m, the, accessor, self"
"changelist, changelist_class, customchangelist, classname, change, list"
"pueblo, distance, assertlistequal, city, regression, gis"
"docked, component, projectview, option, myitemid, myitemtype"
"fixture, loaddata, namespacing, file, you, sample"
"last, charfield, name, max, models"
"url_info, host, secure, safe, testserver, scheme"
"validator, formfield, if1, if2, validators, maxvaluevalidator"
"jquery, noconflict, prevents, better, got, way"
"state, render, delattr, remove, critical, apps"
"changes, here, some"
"params, lhs, rhs, template"
"publishing, publisher, book, queryset, filter, objects"
"ids, distinct, zero, suffix, made, based"
"newpath, nginx, fullpath, serve, normpath, path"
"imgur, png, http"
"renderer, widget, attrs, template, context, value"
"annotated, annotation, instance, assertsequenceequal, function"
"fromkeys, querydict, key1, key2, key3, expected"
"jinja2, csrf, input, token, templates, action"
"dbname, conn_params, port, somehost, host, password"
"organic, synthetic, robot, organizing, startapp, models"
"request, form, add, new, error, change"
"sum, floatfield, float, models, fields, field"
"ish, emptypage, page, row, results, that"
"modelm2m, remote_field, model, m2m, limit, choices"
"docs, python, https, html, batteries, packages"
"self, the, test, serializers, 995a3"
"total_seconds, timedelta, elif, isinstance, datetime, return"
"unicodemodel, pony, bases, createmodel, unicode, duplicate"
"db2admin, dir, pconnect, context_processors, middleware, optional"
"py3, six, script_name, utf, decode, path_info"
"travis, backends, engine, postgresql_psycopg2, noqa, test2"
"field, nullablefields, nullable, bulkinsertmapper, models, fields"
"djangojsonencoder, helpful, serializers, json, may, core"
"logging, found, logger_output, innocent, i18nloggingtest, i18n"
"packages, docs, about, https, more, python"
"_format, decimal, to_python, round_half_up, text_type, rounding"
"_encoding, _post, _files, multivaluedict, dict, querydict"
"ticket26434a, modelb, modelc, ticket26434c, skipunlessdbengine, ticket26434b"
"secret, create, here, your, attendance, s96277jyd"
"polls, located, traverses, urlconf, the, strips"
"meta, request, items|dictsort:0, blurred, safe, cleanse"
http
"user, through, followship, remote_field, target, models"
"georgian, map, azerbaijani"

"client, _options, options, _servers, _lib, _client"
"self, admin, django110warning, field, template, model"
"extra, opts, extra_select, meth, values, names"
"extra, opts, meth, values, names, call"
"look, attach, configuration, config, application"
"singleobjectmixin, model, get_model, generic, detail, views"
"table, alter, columns, sql, extra, index"
"invalid_models, setting, the, m2m, host, accessor"
"above, change, need, same"
"utf, encoding, session, etag, letv, view"
"wrap, callback, regex, _decorate, self, decorator"
"article, change, save, count, post, new"
"released, subquery, sqlite, column, parameters, number"
"req, forwarded, req2, meta, com, referer"
"compiler, sql, connection, kwargs, self, def"
"formset, manage_authors, render, request, html, return"
"self, admin, the, django110warning, field, test"
"isascii, curses, ascii, all, return, for"
"etag, resp, unquote, unquotes, http"
"censored, httpresponsecensored, acts, response, http, httpresponse"
"enclosures, item, self, def"
"i18n, backend, real, i18nrealbackend, i18nnullbackend, null"
"bitwise, bitleftshift, bitrightshift, shift, leftshift, rightshift"
"app6, catalog, missing, view_tests, language_code, default"
"etag, req, res, response, commonmiddleware, http"
"cursor, auto, null, sql, mysql"
"dlango, transaction, update_or_create, obj, anymore, counts"
"question, creates, given, published, text, the"
"floatformat, assertequal, self, inf, decimal, floatformat01"
"elem, jquery, self, rel, field, value"
"tag, brace, start, end, comment, variable"
"format, formats, format_settings, date, separator, datetime"
"debian, deprecation, visible, warning, deprecationwarning"
"changelist, get_query_string, query, choices, string, receives"
"change, test"
"prepared, understand, features, system, forms, other"
"translate, url, parsed, lang, translated, i18n"
"staticfiles, tip, testing, transparently, assets"
"self, the, apps, website, publisher, srid"
"serializers, changelist, yaml, test, self, the"
"expression, expressionnode, node, pass, class"
"related_name, none, self, len, return, not"
"self, admin, django110warning, template, the, field"
"print, lib, path, library, format, environ"
"obj2, copy, evaluation, foo, obj, copying"
"line, unclosed, token, tag, lineno, empty"
"log_record, test_handler, template, logging, exception, raised"
"messages, integrityerror, error_list, reraise, exc_info, six"
"math101, annotation_set, tag, anth100, note_set, create"
"based, introduction, views, built, adding, messages"
"petty, theft, chars, trim, spaces, convert"
"obj, ungettext, ugettext, language_code, concat, override"
"the, self, you, six, test, python"
"fe8a:2e8a, ipv6, symbols_re, 6cff, 2a02, 223:6cff"
"create_model, foreign, keys, foreignkey, genericforeignkey, generic"
"client, exception, uid, view, request"
"function, viewname, login, fromstr, ogrinspect, source"
"roosevelt, stark, annotation_select, distinct, theodore, eleanor"
"initial, fake, you, manage, otherwise, upgraded"
"value, opts, list, field, self"
"language, current, get"
"as_manager, queryset, myqueryset, manager, cls, related"
"expanded, cve, option, marker, value, signature"
"state, rider, pony, forwards, also, new"
"state, bigautofield, blog, big, article, editor"
"noodle, version, print, get, django, utils"
"pony, adfl, operation, state, operations, editor"
"renderer, plus, sub, __class__, label, value"
"test, outcome, before, once, note, affected"
"to_python, textfield, value, prep, textfieldtests, self"
"convention, sequences, lists, itself, uses, settings"
"question, choice, the, you, polls, admin"
"question, choice, polls, you, admin, tutorial"
"version, major, minor, int, database, unicode"
"default, session, fav, request, color, empty"
"false, elif, result, else, return, not"
"iterator, poa, coa, objectb, objecta, mapping"
"token, csrf, req, _check_token_present, middleware, resp"
"sql, table, rename, old, trigger, auto_field"
"role, user, userrole, obj, user_obj, permission"
"since, decorators, functions, based, views, also"
"cursor, null, sql, auto, disabling, mysql"
"assign, can, instance, must, not"
"ctx, myvar, asvar, bits, firstof16, firstof17"
"skip_default, field, none, provided, not, default"
"initial, string_types, value, six, to_python, changed"
"the, user, you, self, test, for"
"stories, filed, reporter, update, objects, all"
"jsonmodel, jsonfield, objs, self, field, nmodel"
"crud, cache"
"image, struct, pil, feed, parser, dimensions"
"localedef, para, gabriela, henry, locale, dep"
"itemvalue, docked, option, component, lang, item"
"var, urlquote, vary, none, join, key"
"hints, migrate, label, allow, app, self"
"bodydict, json, token, csrf, body, request"
"headline, form, value"
"the, host, self, password, http, request"
"regexp, regex"
"inventory, student, character, field, form, inventoryform"
"gtds, rfc1034, longgtldfortesting, atm, tds, ref"
"separated, comma, validate, validator, integer, list"
"same_origin, port, foo, com:8000, scheme, http"
"clone, num, performs, object_name, matching, can_filter"
"user, log, logentry, admin, entries, contenttype"
"self, admin, the, django110warning, field, test"
"multi, mulit, geom, shapefile, multilinestring, linestring"
"session, cookie, response, request, session_cookie_name, self"
"passwordinput, password, user, username_field, enter, raw"
"language, template, including, own, engine, its"
"_result_cache, obj, self, none, exists, isinstance"
"ie6, removed, specifcally, css, files, images"
"error, errorlist, error_list, dict, u03c0, validationerror"
"parsed, resolver404, match, urlunsplit, urlsplit, url_name"
"selenium, window, parent, handles, self"
"find_template_cache, baad, print, key, format, good"
"greek, format, sunday, formats, datetime, short"
"pub_date, form"
"querydict, dict, query"
"default_charset, charset, content, javascript, httpresponse, type"
"delegating, things, three, before, admin, you"
"authentication, backend, authenticate, test, backends, user"
"1j23k4g2khi, secret, key"
"tags, exclude, tag, suite, slow, test"
"article, first, objects, headline, assertequal, creation"
"the, application, server, request, variables, unicode"
"localize, celery, borrowed, ambiguoustimeerror, sets, pytz"
"self, the, field, test, name, assertequal"
"replace, sql, virtualstock, search, params, hack"
"admindocs, documentation, although, utilize, offline, filters"
"var3, var1, var2"
"static_root, path, copied_files, w_ok, pardir, prefixed"
"head, condition, assertnotmodified, modified, client, response"
"natural, has_natural_key, key, m2m_through_regress, nonaturalkeys, hasnaturalmethodkey"
"memcached, cache, danga, memory, facebook, machines"
"health, header|default, site, first, href, admin"
"uni1e, elem, glyph, horiz, adv, hkern"
"omitted, particular, setting, file, settings, the"
"self, the, field, migrations, model, test"
"logging, temp_file, config, fileconfig, dictconfig, self"
"decorators, decorator, method, iterable, dec, decorate"
"comp, cword, input_str, completed, idx, startproject"
"translation, utils, import, from, django"
"manager, advanced, custom, usage, might, both"
"implement, storage, methods, doc, files, ref"
"runserver, djadmin, accessing, addition, project"
"fixture, absolute, path, windows, sep, fixtures"
"signals, m2m, changed, models, import, from"
"files, prefixed, modified, copied_files, symlinked_files, post_process"
"the, self, assertequals, form, you, test"
"austrian, indonesian, brazilian, portuguese, german, locale"
"netloc, host, parsed, unsafe, strict, redirect"
"form_list, step, wizard, managementform, form, current"
"password, user, validate, custom, validationerror"
"storage, lbound, exists_count, highest, ubound"
"returns, version, tuple, argument, non, empty"
"arguments, keyword, filter, query, used, are"
"blank, choices, true, special, false, booleanfield"
"changed, will, this"
"article, object, get"
"readme, rst, path, dirname, open, read"
"examplemodelb, db_manager, contenttype, permission, objects, other"
"localize, utc, utcnow, datetime, naive, aware"
"cursor, field_type, sql, table, field, database"
"compileall, pyc, target, compile_file, fullname, commands"
"auth_user_model, foreignkey, user, models"
"permanent, redirect"
"unsafe, signer, sep, warnings, recorded, 0123456789a"
"parts, current, app, and"
"_size, storage, size, self, name"
"catch, fault, computers, granularity, our, catches"
"batman, robin, assignment, across, router, databases"
"slave, master, assignment, masterslaverouter, across, databases"
"archive, tmpdir, path, isfile, tester"

"field, is_readonly, owner, name, user, value"
"saying, you, messages, command, line, found"
"letter, first, confirm, not"
"anonymoususer, anonymous, perm, user, permission, permissions"
"student, school, classroom, queries, unref, join"
"template, asserttemplateused, rendered, times, response, was"
"url, urls, self, the, hashers, views"
"pizzas, prefetch"
"locale, prefix, path, compiled, compile, settings"
"com, http, example, urlize, quote, fragment"
"dream, concepts, discussed, choices, writeup, predetermined"
"model, _default_manager, doesnotexist, meta, except, get"
"quote_name, maps, join, field, self, for"
"nowait, default, select, update, false, for"
"the, self, you, test, six, python"
"inline, generic, song, admin, checks"
"getargspec, inspect, argspec, six, handler, sender"
"xmlrunner, xunit, xmltestrunner, adds, djangotestrunner, output"
"ugettext, extra, keywords, keyword, ugettext_aliases, makemessages"
"dimensional, three, support"
"how, running, raw, queries, sql, while"
"item, proxyrelated, relateditem, proxy, related, leaf"
"site, self, the, ponies, car, datetime"
"foi, threadlocals, fim, uri, agencia, atual"
"post, response, boundary, val, data, item"
"chunk, header, b'\n\n, unget, end, utf8"
"indexes, determined, wikipedia, priority, after, this"
"friends, self, david, idols, m2m, recursive"
"http_x_csrftoken, request, token, csrf, meta, settings"
"serving, development, doc, views, built, based"
"prefix, path, startswith, script, len, get"
"myapp, forms, addressform, paytype, paymentchoiceform, creditcardform"
"usermodel, model, user, get, _default_manager, doesnotexist"
"fornode, node, variable, the, render, returns"
"to_add_models, concrete, concrete_model, model, _meta, sorted_models"
"runtests, bash, coverage, pythonpath, run, block"
"the, host, self, password, http, request"
"templateresponse, however, response, offers, shortcut, convenience"
"zip, django"
"grouping, force, settings, use"
"tried, getattr, namespace, admin, app, and"
"datetime, isoformat, date, value, fakedate, tomorrow"
"ctypes_for_models, iteritems, get_for_models, ctype, klass, ctypes"
"customauth, myuser, user, models, import, from"
"site, sitemodel, model, app, sites, abstract"
"the, six, self, urllib, moves, python"
"invalid_models, the, setting, m2m, self, host"
"level_tag, level, tags, message, tag, extra"
"blog, models, user, time, title, date"
"self, filesizeformat, timesince, assertequal, experiment, delta"
"poem, poet, form, formset, poemformset, deletion"
"lang, trans, res, translations, base, list"
"passwords, lines, strip, lower, common, self"
"cookie, csrf, request, meta, used"
"quoi, bordell, demerde, quine, rien, aller"
"selenium, child, testproxymodel, webdriver, parent, find_element_by_name"
"image, png, actions, modeladmin, the"
"truncatechars, chars, truncate, pos, tags, truncates"
"specific, permissions, help, user, this, for"
"digest, hmac, dig1, dig2, inner, outer"
"invalid_models, setting, m2m, the, accessor, self"
"suite, runner, discoverrunner, versionadded, test, tests"
"open, path, with"
"the, user, you, self, test, this"
"agreement, contributor, license, sign, cla`, cla"
"long, part, got, payload, ext, filename"
"testmethod, bogus, request, wsgi, meta"
"the, user, you, self, test, this"
"manytomanyrel, manytoonerel, rel, isinstance, models, field"
"campaign, give, tracking, used, internal, link"
"username, cleaned_data, strip, white, spaces, get"
"compiled, regular, expression, setting, which, objects"
"movie, choice, comedy, drama, get_genre_display, action"
"float, return"
"google, googlemap, maps, scripts, geos, map"
"sliced, managedmodel, subqueries, mm2, tag, skipunlessdbfeature"
"none, values, empty, error_messages, required, value"
"change, done, redirect, password, reverse, post"
"python, func, renamed, unicode, function, was"
"cache, caches, timeout, expiring, default_timeout, csv"
"target, calculatekey, _allinstances, ondelete, calculate, cls"
"foreign, feat, key, field, verify_fk, missingforeignkey"
"authentication, login, template, staff, member, form"
"username, other, optional, password, are, required"
"60em, width"
"commentsecurityform, init, kwargs, comment, target, security"
"rollback, commit, transactional, nop, actuall"
"truncatechars, chars, truncate, pos, tags, truncates"
"mtv, modeltovalidate, email, full_clean, dot, passes"
"esc, template, http, httpresponse, response, import"
"header, age, cache, vary, response, patch_vary_headers"
"admin, personadmin, person, contrib, modeladmin, import"
"selenium, specs, remote, browserize, webdriver"
"myself, subject, sender, label, forms, myapp"
"length, min, int, refs, max, ensure"
"_meta, yield, form, force, format, model"
"again, person, get_again, get, getagaintests, explicitly"
"fields, geos, test, runner, form, factory"
"sql, custom, self, def"
"key, keyerror, raise, error"
"its, fancycalendar, rowcolors, unittest2, widget, preceding"
"syncdb, prompts, is_superuser, superuser, djadmin, manage"
"nearest, points, ptr, slow, exception"
"file, edit, poll, your, add, filters"
"microsoft, vendor, postgresql, connection, sqlite"
"form, label_tag, new_password1, new_password2, div, sample"
"dst, map, src, min, assertalmostequal, filter"
"ajax, nerf, debug, upon, traceback, false"
"outfile, style, write, error, context, self"
"haschildnodes, removechildren, removechild, lastchild, children, reference"
"requestsite, site, fixed, request, rss, domains"
"res, localepath, apppath, merge, lang, _info"
"mp4, uri, filepath, b'upload\\чубака, b'upload, upload\\чубака"
"obj, backend, permissions, get_all_permissions, has_perm"
"variable, variable_complete, handlers, signal, stopfuturehandlers, handler"
"verbose, users, plural, user, name"
"orphan, actions, response, client, queryse"
"top, inline, formsets, display, formset, admin"
"get_object, object, self, update, context, kwargs"
"box, border, padding, sizing, background, 26px"
"keys, pks, primary, seperated, simplejson, stdin"
"control, cache, private, has_header, initial, response"
"validate, host, _result_cache, hosts, false, repr"
"static, files, serving, storage, your, fabric"
"encoded, unsalted, sha1, password, algorithm, alt"
"tutorial, python, decompress, multiwidget, version"
"author, assume, some, examples, page, been"
"green, success, bold, opts"
"db8, cafe, nodes, urlize, api, r'^https"
"20px, padding"
"encoded, constant, compare, time, return"
"autocommit, reset, _set_isolation_level, connection, request_finished, _reset"
"static, staticfiles, files, folder, setting, the"
"notimplementederror, storage, target, implemented, system, raise"
"rootdir, abspath, path, dirname, project, file"
"username, emailfield, mail, address, email, models"
"slice, fill, cache, slicing, tag, len"
"res, _info, _catalog, copy, none, may"
"animal, vegetable, ids, objects, taggeditem, get_for_model"
"tracer, simplelazyobject, settrace, lazy, sys, frame"
"hashed, redis, session, poliroots, redisconn, css"
"csrf, failure, views"
"ported, unlikely, python, party, few, applications"
"link, change, list_display_links, changeview, selenium, display"
"taggeditem, parentpost, post, tagged, organization, odd"
"accum, arrayaccum, vijay, array, aggregate, ragavan"
"archive, article, week, example, view, day"
"formset_opts, max_num, num, endwith, verbose_name|title"
"monitored, monitored_files, files, reload, filenames, trigger"
"invalid_models, setting, m2m, the, accessor, target2"
"pid, signal, child, exit, sigint, sigterm"
"static, files, serving, storage, staticfiles, your"
"the, self, you, six, test, python"
"lao, u'\u0ea5\u0eb2\u0ea7, bidi, false, local, code"
"username, usermodel, getpass, password, field, password2"
"invalid_models, m2m, setting, accessor, the, target2"
"loaders, source, template, loader, close, open"
"the, self, moved, host, movedattribute, urllib"
"xyxzfj, gmail, com, test, from"
testtest
"exc, info, exc_info, sys"
"listener, executed, logout, login, user, user_logged_out"
"nsn, phone, number, digits, group, landlines"
"pkg_resources, run_script, future, rel, pkg"
"final, version"
"djangocg, self, the, field, none, return"
"ensuremath, declare, preamble, character, unicode"
"script, css, static, src, stylesheet, text"
"tzinfo, int, offset, sub"
"att, table2model, field, value, inet, rel"
"current_app, callback, namespace, match, request, current"
"urlconf, _old_root_urlconf, urlresolvers, set, caches, clear"
"windows, python, click, notepad, prompt, the"
"you, let, tutorial, the, command, version"
"troubleshooting, your, what, directory, doc, consider"
"affmail, uncomment, nway, wsgi, application, static"
"palettes, palette, extra_join, color, file1, big5"
"command, path, pkgutil, management, module, setuptools"
"self, admin, the, django110warning, field, test"
"the, self, host, request, http, you"
"styles, items, opt, opts, commands, dict"
"py3, six, hash, data"
"selectbox, selectedindex, from_box, box, option, node"
"media, domain, prefix, admin, specific, the"
"template, origin, source, candidate, skip, length"
"httpresponseredirect, shortcuts, http, redirect, render, response"
"publisher, xprice, vals, count, nonselected, annotate"
"getdefaultlocale, locale, lookuperror, simp, origin, get_default_username"
"pyspatialite, dbapi2, pysqlite, pysqlite2, exc, database"
"tls, ssl, email, smtp, use_ssl, backend"
"get_verbose_name, verbose, _meta, modelo, legacy, plural"
"globally, actions, built, available, admin"
"exc, info, exc_info, resolver, sys"
"distinct, grouping, field2, field1, fieldn"
"sessions, cache, backend, cached, _cache"
"block, auth, is_authenticated, code, python, meth"
"context_data, form, wizard, response, ticket, included"
"form, submitted, data, bound, unsubmitted, unbound"
"locale, locales, potfile, domain, localedir, path"
"visiting, view, mutable, shared, actions, subsequent"
"nric, invalid, phone, u'enter, g0854629r, fin"
"bound, bound_field_class, field, empty, self, class"
"connection, info, unable, server, get_server_info, server_version_re"
"bits, slice, args, int, append, len"
"site, fixtures, flatpages, site_id, sample, sites"
property
noop
"self, the, none, return, field, value"
"redirecting, log, enabled, necessary, page, the"
"testproject, project, validate_name, dir, name, app"
"six, self, assertequal, text_type, enter, literals"
"the, self, host, request, http, movedmodule"
"val, formcssclass, deletecssclass, prefix, deletetext, emptycssclass"
"social, checksum, security, xsocial, number"
"uses, unsetting, settings, use, cache, setting"
"publisher, context, view, publisherdetailview, acmebooklistview"
