"uint256s, vseeds, genesis, print0, newcoin, emplace"
"zonecoin, nigger01, cdn, discordapp, jpg, attachments"
"world, mopric, mopriccoin, coin, best"
"translation, message, source, amp, context, numerusform"
test
"kreations, selling, paddy, o'riordan, kesh, music"
"vnukelkina, vnuk, elkina, youtube, https, com"
"describe, concise, browser, screenshots, reproduce, problem"
"relay, net, netrelay, msg, currententry, plt"
"gönder, btc, 328kpt, ekgz, egu, nni"
"pizcoin, translation, source, pizcoins, pizcoind, your"
"macrocoin, https, tags, translators, macrocoincore, transifex"
"osman, osmancoin, coin"
"botcoin, 1'st, decentralized, digital, currency, fully"
"translation, regular, sanitize, address, 1|3|bc1, whitespaces"
"strname, mapaddressbook, name, address, requested, book"
"operate, currency, intergrated, tms, atms, anonymously"
"leninjacoin, ninja, start, coin"
"contributing, technology, collectively, digital, instant, integration"
"dhenze, agricultural, industry, industrial, dev, enchance"
"acecoin, https, tags, translators, acecoincore, transifex"
"district, coin, for"
"awesome, newcoin, new, coin"
good
"translation, message, source, context, amp, wallet"
"pushkv, hash, uni, block, univalue, finalize"
"vseeds, emplace, seeds, hardcode, uncomment, seed"
"wmlimit, hwmlimit, zmq, setsockopt, rcvhwm, sndhwm"
"lite, litecash, market, cash, whole, take"
"111anyone, worlasdfasdfasdfd, asdasdasd, technology, issuing"
"dabestcoin, cryptocurrency, market, going, take, over"
"initcoin, initailization, repository, coin, init"
"translation, message, source, pchain, amp, context"
"simplecoin, simple, coin"
"pchmessagestart, pch, vseeds, emplace, seeds, consensus"
"blockchain, land, certified, sidechain, audits, ledger"
"gen, next"
"magakoin, maga, koin, 32bites, tags, stable"
"ecommerce, industry, revolutionize, mlm, world, business"
"currency, future"
"uint256s, hardskillcoin, core, developers"
"gagewoodcoin, tags, stable, 4secureserver, technology, collectively"
"scoin, micro, online, coin, for, used"
"varint, readwrite, whash, nfile, getblockpowhash, getpowhash"
"rick, world, hello, cryptogrphy, created, iostream"
"exum, smt, cncy, statement, purpose"
"c32e, c64e, translation, message, source, sph"
"genesis, consensus, mainnet, uint256s, nonce, cout"
"feerate, needed, let, risk, fees, higher"
"c32e, c64e, sph, fxtcoin, tcoin, c32"
"squad, squadcoin, ajoke, friends, thing, little"
"lambda, project, coin"
"webstronomers, technology, digital, instant, terms, what"
"metrix, gon, eth, take, over"
"translation, message, source, amp, context, wallet"
"danmarks, kcoin, dkcoin, svar, udviklet, til"
"slapcoins, slap, giving, change, your, for"
"duration, chrono, log, endl, time, clock"
"greatfinecoin, great, fine, coin, technology, collectively"
"getpath, path, chainname, tmpdirname, obfuscate, root"
"ufo, forget, moon, altcoin, instant, lets"
"otwell, coin, great, ever, best"
"3g0, randarteder, hot, great, email, want"
"oemd, tags, translators, https, transifex, forum"
"trek, trekcoin, developing, crypto, project, coin"
"cblockindex, height, index, block, invertlowestone, pindex"
"cmakefiles, src, cpp, cmake, dir, files"
"orca, welcome"
"bn128, fieldt, alt, fq2, r1cs, field"
"star, technology, digital, instant, integration, what"
"earth, gift, earthgift, coin, generation, next"
"green, bircoin, digital, tags, currency, experimental"
"btf, btfdrak, tfdrak, mbtf, ubtf, bitcoinunits"
"rationale, tor, for, are, core, avoids"
"token, trading, industry, designed, peer, utility"
"slowcoin, approach, speeds, taking, slow, different"
"rarecoin, technology, collectively, digital, instant, rare"
"going, needed, when, time"
"harmenn, coin"
"pub, qrwit, qrpubkey, key, sur, oldkeyid"
"sms, recive, phone, cash, easy, numbers"
"a256, alghoritm, finalize, sha, chash256, csha256"
"alife, air, coin, tags, https, translators"
"guys, own, coin, this, for, first"
"martin, martinpro, pro, based, coin, core"
"airlite, good"
"destination, dest, pcursor, pwallet, answer, ctxdestination"
"translation, message, source, self, wallet, context"
"block, translation, message, source, blake2b, argon2"
"translation, source, dobbscoins, your, address, uri"
"zaynecoin, pow, new, coin"
"dawson, dawsoncoin, coin, what, this"
"buy, itcoin"
"tinytree, tall, shall, tiny, grow, wide"
"tags, translators, transifex, forum, https, wmcoincore"
"pokerchain, buy, stake, sell, hold"
"amazon, coin"
"cout, fpipe, reconstruct, command, mempool, getenv"
"peso, technology, collectively, digital, instant, what"
"translation, source, message, self, context, address"
"block2, generatedfiles, protocol2, generated, files, moc"
"maturity, weight, serialized, max, coinbase, block"
"forkid, sighash, replay, push, pushsig, script"
"translation, message, source, amp, context, wallet"
"processed, sql, sqlblockprocessed, pblock, postgre, lcrate"
"corecoin, technology, business, coin, transparency, behid"
"translation, yama, message, source, coin, amp"
"project, cmake, dir, source, sources, cxx"
"pushkv, uni, univalue, push, txin, hex"

"hackcoin, reserch, hack, coin, testing, for"
"dev, install, sudo, devel, berkeley, configure"
"gyu, gyucoin, fork, coin"
"crispay, nothing, readme, yet, here"
"src, cpp, leveldb, secp256k1, univalue, test"
"currency, ftre, invest, decentralized, flexible, exchange"
"pakistan, contribution, contributing, april, underdevelopment, focuses"
"alba, albacoin, although, albanian, cryptocurrency, utilizes"
"translation, message, source, amp, context, wallet"
"upload, images, png, jianshu, mogr2, imagemogr2"
"reit, building, elements, reference, implementation, core"
"indian, market, paycoin, necesity, developed, demand"
"worldwide, aims, aid, p2p, transactions"
translation
"bitcoincoretest, test, core"
"versionbits, bitmask, e0000000, e000u, int32, e000"
"gon, near, future, take, over"
"zitcoin, century, digital, currency, 21st, achieved"
"translation, source, message, xeroxcoins, your, numerusform"
"lik3coin, asic, trading, great, reliable, benefits"
"focking, kutr, alles"
polis
"bitcoinc, era, new"
"master, bitcoind, this, cli, bruteforce, crackpw"
"swag, swagcredit, consensus, uint256s, credit, bling"
"penut, coin, connnect, mobile, firends, phone"

"escudo, gon, digital, currency, take, over"
"self, wallet, coin, bnb, block, ret"
"denver, people, public, files, coin, track"
"noop, translate, loading, default, wallet, error"
"div, span, href, nbsp, sleepycat, mshelp"
"dollar, tags, translators, vision, world, decentralized"
"supremecoin, greatness, future"
"dark, this, first"
"king, worlds, near, what, idea, original"
"bitcoin的一次更新测试2018, push上传githuib, stdio, main"
"dollars, specializing, turn, dxmes, dxamonds, wealth"

"readme, cryptocurrency, boob, lovers, appeal, terms"
"garrett, parker, actualy, nice, day, nabc"
"aethium, aethiumcore, https, tags, translators, developer"
"uint256s, base58prefixes, genesis, consensus, pchmessagestart, pch"
"logan, pug, saving, integration, world, tree"
"good, coin"
gta
"gana, punto"
"pak, trader, creater, majid, hurmaz, technology"
"pixmaps, upstart, openrc, txt, debian, share"
"celery, coin, project, disclaimer, contributing, patches"
"february, transfer, fork"
"foodbankcoin, food, bank, technology, coin, digital"
"teaching, community, created, coin, for"
voip
"curl, curlform, formpost, easy, setopt, curlopt"
"transifex, celliqa, https, technology, collectively, digital"
test
"s0fritocoin, entertainment, food, nightlife, coin, vision"
"translation, location, unfinished, source, line, message"
"address, addressindex, index, pair, hashbytes, unspent"
"div, span, href, nbsp, sleepycat, mshelp"

"trademarked, coin, copyright"
"brimp, brimpcoin, brimple, extension, future, coin"
"settlment, world, initial, coin, version"
"hyper, integration, what, staging, tree, core"
"studio, terms, net, stable, released, completely"
"megabitcoin, mega, transflexi, assemblyline, sntwp, globe"
"ecoins, lovecoins, valentinesday, love, express, financial"
"zip, qua, unz, quazip, filefunc, verium"
"denerox, better, equal, than, will"
"translation, source, context, amp, numerusform, moneder"
"copyright, core, developers"
"offical, cnocash, code, source"
"solo, expect, description, here, some, will"
"energy, green, greenenergybitcoin, whitepaper, https, technology"
"offical, qpay, code, source"
"megabyte, megabytecoin, coin"
"money, camount, coin, max, amount"
loop
"translation, message, source, c32e, amp, c64e"
"kilobits, gon, kilo, world, take, over"
"thetempelgroup, enterprising, tempel, reliable, group"
"warcoin, tags, stable, technology, collectively, regularly"
"edu, consensus, deployment, vseeds, emplace, seeds"
test
"integration, hello, staging, tree, core"
"libboost, dev, bdb, apt, db4, install"
"ronnie, swoleman, swolecoin, jpg, hunter, jnkhunter"
"rubiks, gang, cube, cryptocurrency, kill, dont"
"bccgold, gold, tags, translators, developer, freenode"
"world, hello"
"pop, coin"
"translation, message, source, context, self, amp"
"translation, message, source, context, self, amp"
"translation, location, filename, cpp, unfinished, source"
"hoi, coin, translation, source, hoicoind, hoicoins"
"skein, script, oaes, pindex, block, ctx"
"uint256s, pchmessagestart, genesis, vseeds, pch, emplace"
"trust, cryptocurrency, world, participant, nations, crypto"
"wckd, good"
"ucoin, skyrocket, altcoin, owners, investers, millions"

"iranian, rcoin, ircoin, cryptocurrency, tags, iran"
"smg, blockchain, future, coin"
"forked, integration, staging, tree, core"
"hint, 02x, ptr, secp256k1, sprintf, pubkey"
"doroin, memecoin, what, off, based"
"jew, fro, jewfrocoin, jewfro, coin, digital"
"moiracoind, moiracoinds, getenv, exited, help, datadir"
"gargs, thread, args, arg, socket, softsetboolarg"
"yote, developers"
"dotta, dottacoin, amazing, coin"
"gadya, lit, coin"
test
"fnout, logfile, endl, timestring, filename, vinv"
"mics, likes, paid, instead, get"
"skein, script, oaes, pindex, block, ctx"
q2coin
"cash, chris, homo, integration, staging, tree"
"translation, robo, source, message, context, address"
"translation, message, source, context, self, amp"
"his, goal, reach, rocketcoin, moon, currencies"
"aiming, wanted, originally, what, save"
"rajini, revoultionary, promoting, movie, industry, funding"
"cvl, gon, nothing, make"
"lcoin, address, gitian, resolveservice, caddress, resolve"
"lcoin, address, gitian, resolveservice, caddress, resolve"
"jackoin, take, world, over"
"airportiah, awesome, coin"
"blart, cop, mall, paul"
"buycoin, technology, collectively, digital, instant, operate"
"cryptocurrency, codecoin, announcing, future, here"
"regime, federal, people, notax, notaxcoin, bankster"
"pump, whitepaper, coin, stay, translators, website"
"zatacoin, digital, instant, integration, what, enables"
"translation, message, source, self, context, wallet"
"bythos, gon, brazilians, cryptos, brazilian, approach"
"united, america, states, wall, border, these"
"east, africa, cryptocurrency, technology, collectively, digital"
"dinar, gon, take, over, coin"
glennnnnnn
"kel, kelcoin, coin, our, best, view"
"lite, people, coin, for"
"digital, instant, enables, currency, payments, that"
"gon, take, over"
"tea, teacoin, fork, coin"
"translation, message, source, context, self, amp"
"nedocoin, nodecoin, digital, instant, integration, what"
"acoin, aaaacoin, num, next, will"
"macoin, klimacoin, integration, staging, tree"
"integration, staging, tree, core"
"stake, pindex, vch, key, map, block"
"uint256s, genesis, consensus, pchmessagestart, vseeds, utopiachain"
"translation, happy, source, message, self, context"
"gargs, params, args, chain, argc"
"translators, coin, freenode, transifex, forum, https"
"elem, pelem, flavor2, item, tool, src"
"translation, happy, source, message, self, context"
"foundation, library, gnu, free, general, runtime"
"practice, developer, clone, repository, this"
"dextron, invertlowestone, invert, coin, whitepaper, technology"
"stay, code, yourself, follow, path, only"
"transifex, semicoincore, https, technology, collectively, regularly"
"buy, fuck, fish, eat, man, supervision"
fork
"goldcoin, price, gold, track, global"
"div, nbsp, card, nav, href, dextroncoin"
"translation, source, message, numerusform, amp, context"
"propel, awesome, ton, worth, will"
"commit, initial"
"deplorable, game, trump, country, like, change"
"kid, kidcoin, kids, coin, for"
"steakcoins, steaks, sounds, umm, right, about"
"cryptocoin, crypto, coin, technology, collectively, digital"
"corporate, world, salary, instand, achievement, binded"
"pierdo, pierdocoin, waluta, pierdy, coin"
"intelligent, transformation, test, coin"
"pankzcoin, cryptocurrency, successful, will"
"this, test"
"kim, kimcoin, coin, jong, transifex, wikielections"
"ananta, nice"
"paulcoin, paul, what, coin"
"bitcoinsmart, gon, coinfull, great, smart, full"
"massive, lexington, lexingtoncoin, movement, takeover, coin"
"unlock, unlockwalletaction, wallet, unlockcontext, action, requestunlockwallet"
"anvil, decentalised, exchange, coin, crypto, future"
"div, span, href, nbsp, sleepycat, mshelp"
"translation, message, source, context, amp, name"
"updatetime, pindexprev, pblock, pindex, prev, cblockheader"
"power, new, coin"
"forked, definitely"
"glock, life, for"
"mapprev, transaction, out, coutpoint, script, flags"
"samcoin, sam, coin, https, tags, translators"
test
"trumpcoin, jan, equal, end, will"
"transifex, readme, peer, your, scalable, approve"
"dgrcoin, forked, implimented, ethereaum, contracts, helps"
"ramcoin, cryptocurrency, gon, technology, 10k, future"
"tecmalia, coin"
"bitconid, modify, robert, mac, test, from"
nimabi
"testing, coin"
"tags, egg, stable, eggsperimental, eggcoincore, normalcat1"
"argencoin, significa, 005u, que, cuyo, proposito"
experiment
"kepi, digital, instant, enables, currency, experimental"
"internet, magic, points, mips, what"
test
"picke, coiiiiin, fuck, welcom, pickle, coiiiin"
"flash, flashcoin, development, currently, coin"
"saudi, vision, coin"
"windows, linux, kernel, macos, newer, mac"
"event, qevent, remainingmsecs, overlay, modaloverlay, modal"
"etherium, unets, unetscoin, gon, take, over"
"fighting, rallying, viva, wobcoin, woke, oppressed"
"alt, going, take, over, coins, other"
"solution, clock, integrating, companies, organizations, employee"
"rcoin, arcoin"
"technology, vin, sha, faster, times, blockchain"
"papua, guinea, cyber, cybercoin, new, take"
"genesis, uint256s, timestamp, jan, psztimestamp"
"translation, vao, uco, ucg, ukh, fqq"
"prohvac, crypto, tags, technology, transifex, proven"
"website, adopter, billions, dannytenaglias, invest, venmo"
"chacoin, chuck"
"this, learning, coin, beta, terms, released"
"gentlemen, wealthy, elite, this, new, are"
"damn, rest, might, well, another, them"
"best, coin"
test
"coming, coin"
"solcoin, rpm, alt, coin, big, future"
"bonus, wins, logo, vamos, nadal, triple"
"money, camount, coin, max, amount"
awesome
"corporation, cryptocurrency, recompensa, mbtc, ubtc, corp"
"blladricoin, best, coin"
"aether, aethercoin, progress, coin"
"ideal, coin"
"hexereum, olds, face, nakamoto, satoshi, year"
"dog, gabe, meme, canadian, january, internet"
"draconium, hope, cryptocurrency, pal, paypal, worldwide"
"translation, source, cxid, cxis, noop, x00"
"nogardder, digital, currency, experimental, new"
"blox, biggest"
"shareel, shareelcoin, crytocurrency, projected, decentralized, awesome"
"piecoin, pie, cryptocurrency, digital, what, community"
"pablo, pablocoin, coin, pinimg, 736x"
"commercio, mahusetan, technology, collectively, issuing, carried"
"trash, maybe, crackcoin, ckc, coined, jazzy"
"ivc, international, project, currency, tags, translators"
"tccoin, atccoin, atc, digital, instant, integration"
"best, coins, are"
"novicoin, starter, gowing, progres, novi, coin"
"btcq, what"
kchain
"translation, message, source, context, self, amp"
"goat, its, ever, new, better, than"
"pirates, currency, crypto, for, number"
"fish, gon, lit, coin"
"gavno, best, coin"
"afri, africoin, african, countries, future, going"
"nederlandse, cryptovaluta, cryptocurrency, dutch, infomation, pjz"

"hockey, currency, puck, puckbits, crypto, for"
"dudes, wednesday"
"self, extra, args, nodes, authorization, hasattr"
"nakamoto, satoshi, money, camount, coin, max"
"coz, cozcoin, world, currency, new, coin"
"maya, pricing, currencies, reflection, technology, collectively"
"kiku, kikucoin, gon, coin, digital, instant"
"tags, freenode, transifex, developer, stable, forked"
"pump, purpose, dump, too, coin, this"
"armcoin, expected, arm, exceed, new, coin"

"parsian, parsiancoin, iran, coin, raadsense, originated"
"translation, dopecoin, message, source, stake, amp"
"positioniere, die, coin"
"compound, interest, eighth, understands, earns, buy"
description
"bit, aid, technology, fee, digital, instant"
"cheque, cryptocoin, what, like, coin, but"
"sitt, forked, steven, readme, sycoin, cryptocurrency"
"forked, est"
"nite, lunched, welcomed, member, new, experimental"
"serb, serbcoin, posaje, milan, koji, baziran"
"fee, absolute, note, modify, rate, value"
"diaba, ecommerce, answer, your"
"package, endef, define, cmds, maxmind, geoipupdate"
future
best
"truecoin, true, coin, version"
"plasma, cypto, currency, best, the, new"
"unknowncoin, project"
"learncoin, tags, stable, the, learncoincore, whitepaper"
"vseeds, emplace_back, seed, supports, dashjr, petertodd"
bitcoinlike
"plutus, going, take, over, coin, bitcoin"
"taicoin, tai, coin, money, receiving, taicoincore"
"prematurewitness, extra, args, self, usehd, whitelistalwaysrelay"
"uint, cbignum, base, old160, old256, old"
"dominus, rights, coin, reserved, units, all"
"testtcoin, testcoin, the, technology, collectively, digital"
"fluffy, furry, primary, community, coin, use"
"thank, square, investor, lilpepperboy, you, listen"
"address, change, request, params, destination, custom"
"ventures, bilderberg, henri, castries, chairman, blockstream"
"ball, say, rolling, time, coins, should"
"sheeley, sheeleycoin, coin, technology, collectively, digital"
"translation, message, source, c32e, c64e, sph"
"don, clone, fork, and"
"cash, ultra, bitcoinultracash, cryptocurrency, better, amazing"
"overcome, big, going, bitcoin"
"serializeddata, scriptsig, transaction, pos, pubkeyscript"
"chinese, sm2, sm3, usb, the, tokens"
"charismacoin, going, take, over, bitcoin"
"transifex, technology, collectively, regularly, digital, instant"
"don, clone, fork"
"epower, promotes, empowerment, worth, coin, and"
"visual, project, exe, windows, msys, boost"
"marisa, test"
"growler, master, repository, coin"
"propertycoin, taking, property, off, coin"
"bdb, configure, prefix, db4, ldb, pwd"
"translation, message, source, context, wbtc, self"
"slavs, slav, slavcoin, squat, squatting, unite"
"phillycoin, world, top, the"
"tff, register, ctable, crpctable, tablerpc, ccommands"
"bridge, altcoin, development, demonstration, customized, integration"
"nsubsidy, subsidy, camount, coin, amount"
"starcoin, archtecture, off, blockchain, based, build"
"rpacoin, coin, technology, collectively, the, digital"
"premining, btgheight, btgpreminewindow, height, params, consensus"
"negro, the, america, nation, freedom, american"
"adopted, meanwhile, totally, our, what, business"
"equihash, indices, len, lenindices, row, step"
"fun, just, for"
"tresaury, this, work, the"
"newton, coin, this, based, first, the"
"sai, hello"
"coin, translators, transifex, forum, why, for"
"zemskoin, https, translators, zemskoincore, developer, the"
"translation, message, source, context, amp, noop"
"jcoin, mastermind"
"group8, xryptocash, cryptocurrency, company, holding, new"
"ermes, improoved, reliable, what, cheap, fast"
"brah, awesome, check, this, out, file"
"tcoin, the, developer, changes, and, transifex"
"translation, message, source, context, yescrypt, self"
"vritzcoin, translation, source, the, vritzcoins, vritzcoind"
"litcoin, transifex, peer, your, the, scalable"
"translation, message, source, context, yescrypt, self"
"tartofuu, project, the, technology, collectively, regularly"
"prime, cbignum, sieve, fractional, chain, multiplier"
"primecoin, prime, cbignum, sieve, fractional, chain"
"marble, team, integration, contributing, developer, terms"
altcoin
"learning, purpose, this, fork, own, testing"
"bicoin, indonesia, soon, looking, updated, consesus"
"buzzcoin, growing, currency, crypto, fast, form"
"fivecolor, decentralized, ore, the, technology"
"retro23coin, technology, digital, instant, what, operate"
"added, coin, update, log, source"
"chadcoin, chadcoind, translation, chadcoins, noop, the"
"createrawtransaction, raises, self, nodes, invalid, rpc"
"reasons, money, happens, btc, various, less"
"biteurodollar, euro, dollar, bit, transifex, the"
"equihash, u32, indices, soln, solver, len"
"mooning, pumping, coin, for, and"
"megabyte, megabytecoin, stuffs, coin"
"readme, coin, value"
"cloud, shell, azure, launch, launchcloudshell, 86f1"
"red, future, here"
"translation, message, source, context, self, amp"
"jerkcoin, computers, asks, integration, what, currency"
"transifex, https, transifex中提取并合并到git, contributing, travis, core是根据m"
"gorncoin, the, gorcoincore, technology, collectively, regularly"
"megacrypto, gon, overtake, bitcoin"
"hunter, strcaption, caption, warning, information, logprintf"
"que, una, los, valor, mediante, para"
"ghost, bitcoin"
"dhecoin, gen, crypto, next"
"zyll, acts, technology, regularly, foundation, digital"
"obie, eco, currencies, creating, forget, what"
"rat, ratcoin, identify, people, who, coin"
"medicoin, medi, coin, technology, collectively, digital"
"medical, medi, medipay, tokens, pay"
"existalcoin, https, translators, existalcoincore, developer, the"
"atomcoin, atom, coin, myatom, https, translators"
"europa, aweseom, more, following, information"
"merchant, awsome, someting, coins, are, big"
"collectively, digital, instant, integration, what, the"
"ubtc, source, ubtcs, your, address, block"
"zenith, customized, maintained, dimensional, etheral, heavens"
"project, asset, digital, website, new, further"
"limitfd, rlim_cur, nminfd, rlimit, nofile, getrlimit"
"dart, techkno, blue, new, coin"
"slightcoin, translation, source, the, slightcoins, slightcoind"
"picoin, rpicoin, forked, alt, testing, takes"
"jobecoin, translation, source, the, jobecoins, jobecoind"
"pork, porks, bitcoinpork, you, platform, your"
"forking, reason, for, bitcoin"
"uint256s, genesis, creategenesisblock, ndefaultport, cport, nrpcport"
"ecoin, overtake, will, bitcoin"
liber
test
"world, hello, php, echo"
"tiger, perfect, coin, making, transactions, for"
"ryllium, atoryllium, comingsoon"
"islecoin, isle, caribbean, coin, the, technology"
"turkoin, turkey, anyone, enables, national, cyrptocurrency"
"endcoin, everything, repo, readme, bitcoin, from"
"nurocoin, excelent, business, your, for"
"goldfuture, golden, gold, future, gets, you"
"quenchcoin, translation, source, the, quenchcoingui"
"magi, magicoin, gon, take, over, coin"
"apollo, bticoin, improvements, bitcoinapollo, hardfork, accessibility"
"currency, kings, for, the"
"pak, pakcoin, currency, disbursing, technology, collectively"
"vcs, component, project, preferredvcsname, preferred, xml"
"svitcoin, https, translators, developer, the, freenode"
"cccat, bitcoinc, whitepaper, https, technology, collectively"
"iridium, translation, source, message, amp, wallet"
"x7a, w64l, w64lit, cryptopp, ciphertext, comment"
"bitcoinzeroone, bitcoincore01, bitcoin01, whitepaper, zero, https"
"reply, syntax, console, commands, getblockhash, bracketed"
"mmbtc, supoort, official, contract, smart, repository"
"gpc, pepper, green, integration, what, coin"
"biggin, bangs, meant, read, are"
"hsbc, core, chsbcsecret, developers, https, address"
"ubucoin, uzulucoin, zulu, zulucoin, africa, coin"
"royal, wealth, preserve, coin, bitcoin"
hodl
"kappacoin, kappa, https, coin, translators, kappacoincore"
"coffee, coffeecoin, cyrptocurrency, shops, coffeehanger, unreal"
"tonic, solutions"
"brdcoin, awesome, btc, fork, coin, and"
"hydra, hydracoin, fork, coin, bitcoin"
"ohh, shiieeeet"
"center, align, noncoin, cdn, dribbble, img"
"base58check, layout, transcoder, plaintext, base58encoded, lhs"
"tbd, bincoin, goal, day, speed, increase"
"wocoin, wobase, currency, coin, the, enables"
"alm, currency, this, platform, the, for"
"tomcoin, tom, coin"
"schleems, translation, source, the, schleemss, schleemsd"
"translation, message, location, filename, source, key"
"limna, socialsud, una, limnas, amigos, que"
"decodedtx, notifier, decoded, self, qpublish"
"milions, top, great, reach, will"
"testcoin, coin, test"
"fanning, bux, fanningbux, technology, digital, instant"
"trend, blocktrendcoin, sticks, fork, coin, block"
"autismcoin, looking, autism, development, feb, interested"
"visitor, pkey, witness, v0key, witnessv0keyhash"
"ibtmax, convert"
"translation, message, source, context, amp, name"
"shiba, shibacoin, altcoin, industry, forked, going"
"indocoin, india, landscape, cryptocurrencies, shortly, going"
"godcoin, cryptocurrency, world, change, the, will"
"discord, hueless, huelesscolors, assistance, colors, contact"
"tradeocoin, technology, collectively, digital, instant, integration"
"lexicon, coin"
"minable, moneymaker, maker, money, coin"
"uranium, https, bitcoinuranium, tags, the, stable"
"translation, message, source, context, amp, name"
"silver, npowtargetspacing, consensus, swapped, pow"
"zeromedia, https"
"zeromedia, https"
"pcoin, integration, staging, tree, core"
"biccoin, bic, dance, speculation, digital, instant"
"liquidcoin, pacific, irvine, wednesday, october, california"
"sarielsaz, translation, source, the, sarielsazs, sarielsazd"
"translation, source, message, wallet, numerusform, self"
"bitnanzcoin, what, org, https"
"bitkonga, online, niara, nigerian, nigerians, nigeria"
"bytes, formatbytes, ping, nodestats, stats, nsendbytes"
"kore, tor, smartlist, conn, translation, circ"
"kore, tor, smartlist, conn, circ, translation"
"warehouse, warehousecoin, dose, peer, computer, cryptocurrency"
"encyclopedia, galactica, the, technology, collectively, regularly"
"spincoin, vista, data\spincoin, conf, pathret"
"freenode, webchat, discuss, dev, net, irc"
"translation, message, source, context, amp, name"

"translation, message, source, context, amp, name"
"keltic, paddy, o'riordan, music, coin, arts"
"pair, index, address, addressindex, spent, hashbytes"
"demo, testing"
"there, shitcoins, hobby, masquerading, payoff, saying"
"npowtargettimespan, consensus, weeks, two, one"
"aurum, aurumproject, aurumsource, integration, moved, repository"
"translation, source, exgibichi, statusquos, statusquod, your"
"testcoin, digital, instant, integration, what, enables"
"decentralized, python, instant, enabling, world, currency"
"myaltcoin, crpyto, alt, currency, best, coin"
"oct, sun"
updated
"iop, translation, source, message, amp, context"
"div, span, href, nbsp, mshelp, html"
"translation, message, source, context, amp, name"
"rpc, sha, param, aes, target, conftarget"
"div, span, href, nbsp, sleepycat, mshelp"
"dolph, construction, coin, progress"
"tulip, tulipcoin, ceo, jamie, dimon, currency"
"keycoin, rewards, future, the, coin, key"
"wei, weicoin, construction, coin, under"
"saudi, riyals, nkc, worth, over, will"
"flurbo, translation, source, message, the, amp"
"forking, this, attempt, first, bitcoin"
"rupee, erupee"
"txin, scriptwitness, stack, contains, size"
"aman, coin, take, over, will, bitcoin"
"marscoin, translation, source, the, marscoins, mars"
"marscoin, translation, source, mars, marscoins, your"
"pablo, coin, best, the"
"cmake, cpp, dir, endif, definitions, set"
"bitdash, uber, doordash, pay, for, restaurant"
"maxcoin, welcome, coin, max"
"cryp, mass, social, video, marketing, b2b"
"nieznane, translation"
"gcov, egrep, filename, bash, dev, null"
"translation, message, source, lancoin, numerusform, amp"
"webchat, bitcointalk, readme, dev, https, freenode"
"net，c, man，c, banreason, sub, reason"
"lcoin, tlcoin, dijital, birimi, nedir, ethereum"
"change_address, address, keyid, request, params, jsonrpcerror"
"bind, fbound, addrbind, whitelist, report, bound"
"yayatel, yayat, email, gmail, com, zero"
"brazil, cash, cyptocurrency, new, copy, bitcoin"
"uint256s, kyrios, pchmessagestart, hashgenesisblock, pch, consensus"
"dirham, coin"
"pesetacoin, translation, source, the, pesetacoins, pesetacoind"
"khong, gia, tri, coinkhongcogiatri, cũng, dùng"
"translation, source, mhncoind, mhncoins, your, address"
"utabit, translation, source, message, numerusform, the"
"new, coin"
"gon, moon, this, coin"
"cutecoin, translation, consensus, vseeds, uint256s, cutecoins"
"flair, freenode, website, developer, the, technology"
"codebreaker, resolveservice, genesis, caddress, resolve, service"
"translation, source, gravitycoins, gravitycoind, your, noop"
"dera, deracoin, development, progress, coin"
"bcash, earth, vision, disobedience, the, luke"
"narwhal, narwhalcoin, coin"
"jakecoin, guide, user"
"coin+100000000, getcoin, outpoint, coin, get"
"tags, developer, freenode, contributing, enables, currency"
"ogmios, awesome"
"tower, towercoin, this, new, coin, the"
"eosx, cryto, currency, osx, new, the"
"ultimateonlinecash, ultimate, online, cash, translation, source"
"noop, translate, keystore, script, boost, self"
"market, shoping, online, choice, coin, your"
"garycoin, awesome, breaking"
"donkey, donkeycoin, coin, tags, stable, the"
"m87, martins87, millisleep, milli, sleep, coin"
"evesting, companies, owners, transparent, ability, grow"
"xcoin, integration, cross, platform, future, the"
"hodl, hodler, manifiesto, real, movement, hodlcoin"
"altcoin, turkey, for"
"study, technology, the, bitcoin"
"fundingcoin, better, funding, even, coin, bitcoin"
"coltcoin, test"
"backend, self, svg, respond, quantum, execution"
"translation, message, source, smsg, stealth, key"
"coinadm, folder, passport, volumes, users, drive"
"translation, message, source, numerusform, amp, the"
"translation, message, source, numerusform, amp, the"
"c32, sph, c64, raven, c32e, c64e"
"money, camount, coin, max, amount"
"bank, trust, nakamoto, satoshi, not"
"bitcoinx, joke, integration, staging, actually, tree"
"cpp, typename, stream, std, void, serialize"
"graphical, interfaces, needed"
"manna, translation, source, the, mannad, mannas"
"solidar, translation, source, the, solidard, solidars"

"johnny, debug, debugging"
"cryptocurrency, card, trading, enables, currency, credit"
"translation, veri, vericoin, source, message, coin"
"lightning, implementing, chains, chain, test, state"
"src, cli, bitcoind"
"helveticum, translation, source, the, helveticums, helveticumd"
"enterprise, bitcoinenterprise, client, name, bitcoin"
"iop, translation, source, message, amp, context"
"piggy, piggycoin, coin, digital, instant, integration"
"notifier, hashwallettx, msg, transaction, wallet"
"phoenix, currency, digital, pheonix, the, adapted"
"translation, source, message, wallet, numerusform, the"
"huuuuuuuuugggeee, cofvevecoin, gon, bigly, its, and"
"pchmessagestart, psztimestamp, sseed, cdnsseeddata, vseeds, pch"
"uint256s, checkpointdata, checkpoint, data"
"consensus, sseed, cdnsseeddata, vseeds, november, supports"
"connections, outbound, max, peer, default"
"translation, message, source, numerusform, self, segwit2x"
"sidechain, nsidechain, scdb, prime, deposit, critical"
"bip148, self, segwit, worstblock, day, nodes"
"prime, cbignum, sieve, fractional, multiplier, big"
test
"translation, message, source, context, the, name"
"translation, message, source, numerusform, pow, kopírova"
"travis, https, svg, build, status, org"
"translation, message, source, amp, self, the"

"smartcoin, c32e, c64e, sph, translation, esx"
"base, max, block, size"
"weight, block, max, maximum"
"translation, message, source, numerusform, the, copia"
"translation, message, source, address, pair, index"
"desconhecido, sincronizando, cabeçahos, translation"
"translation, message, source, context, amp, name"
"translation, message, source, numerusform, amp, the"
"bignum, accumulator, zerocoin, word, modulus, ptr"
"unlimited, patch, btu, infinity, you, this"
"tbd, smartcash, phase, governance, smart, cash"
"translation, source, globaltokens, your, globaltokend, address"
"lucas, hes, why, cool, coin, got"
"share, hfile, read|file, generic, createfilew, existing"
"brody, brodybucks, bucks, translation, source, the"
"2mb, consensus, block, sigops, ck1, max"
"translation, message, source, numerusform, generate_blocks, self"

"uint256s, consensus, genesis, timestamp, ndefaultport, hashgenesisblock"
"detkcoin, detkcoind, translation, detkcoins, x00, noop"
"bitcoinec, client, name, bitcoin"
1������git
"translation, message, source, context, amp, name"
"iop, translation, source, the, iopd, paddress"
consensus
"env, dbp, dbenv, ret, dbt, dbc"
"moecoin, translation, source, the, moecoins, your"
"c32e, c64e, sph, digi, c32, esx"
"ideoblock, paycoin, the, controversial, development, cryptocurrency"
"token, value, jsoncpp, json, value_, reader"
"block75, capacity, target, rule, bip, network"
"pnode, getraworphanpool, nsendoffset, startcheck, orphantxsize, hdr"
"the, rest, bin|hex|json, json, numeric, blockheaders"
"translation, crown, source, message, darksend, throne"
"bittucoin, million, welcome, what, why, exactly"
"copyright, the, core, bitcoin, developers"
"uint256s, genesis, base58prefixes, consensus, greencoin, cavitygap"
"rajith, nonce"
"translation, message, source, amp, self, the"
"block, consensus, params, extern, state, default"
"digital, instant, what, edit, enables, currency"
"iop, translation, source, the, iopd, paddress"
"cuckoo, u32, nonce, challenge, u64, cycle"
"iop, translation, source, the, iopd, paddress"
"translation, message, source, numerusform, millcoin, kopírova"

"translation, message, source, context, the, name"
"test_random, logprintf, processnewblock, pfrom, log, mapblocksource"
"nulldata, pblockindex, blockjson, getnulldatasatheight, pair, isnulldata"
"configure, zmq, local, disable, usr, bitcoin"
"gitlab, pull, baseurl, refs, api, githubmerge"
"uint256s, timespan, pindex, sseed, cdnsseeddata, base58prefixes"
"stats, fblockmap, array, blockmap, map, utxo"
"official, bitcoinofficial, tags, stable, https, the"
"cad, mcad, bitcoinunits, ucad, units, sseed"
"naming, bold, meeting, conventions, prefixes, bad"
"translation, message, source, numerusform, amp, label"
"weak, contributing, development, edited, unlimited, classic"
"block_size, options"
"stardust, translation, source, the, stardustd, stardustgui"
"nstart, gettimemillis, imported, millis, successes, loading"
"int32, seems, corresponds, max, net, standard"
"sph, c32, translation, stratis, source, message"
"net, cnetaddr, addr, cservice, csubnet, getbyte"
"nchangeposret, pos, ret, change"
"mutecoin, travis, integration, https, build, staging"
"ipduanarr, uipnowarr, ipduan, uiparr, uipnow, echo"
"dresult, nheight, height, txin, coins, prevout"
"dev, libboost, apt, qttools5, sudo, libprotobuf"
"translation, gf256, f256, message, row, source"
"location, translation, unfinished, line, source, message"
"glob, sys, argv, helpful, join, import"
p2p
"applications, blockchain, carve, warnings, fork, risks"
"translation, message, source, crown, masternode, darksend"
"translation, message, source, crown, masternode, darksend"
"translation, message, source, numerusform, kopírova, amp"
"ndefaultport, port, default, hnote01, git, clone"
"hnote, consensus, h*note, vdeployments, hnoted, hnotes"
"fair, translation, self, source, coin, nodes"

"noirshares, noir, shares, translation, source, the"
"valtype, lamport, uint512, merklewit, exmerklewit, merklebuffer"
"translation, message, source, faircoin, cvn, amp"
"vch1, checklocktimeverify, mtemplates, opcode2, opcode1, sender"
"max, block, size"
"max, block, size"
"ladybug, pupa, translation, source, metamorphose, migration"
"stav, myfile, pfrom, fee, feefilter, consensus"
"strresult, sanitize, sub, pfrom, satoshi:0"
"translation, message, source, amp, tor, the"
"translation, message, source, amp, tor, self"
"translation, message, source, secp256k1, self, the"
"translation, message, source, offer, alias, escrow"
"translation, message, source, masternode, asset, alias"
"translation, message, source, context, amp, unfinished"
"preimage, preimages, uint256, htlc, uni, script"
"max, block, size"
"lottery, valtype, script, beacon, claim, opcode"
"configuration, mining, mempoolreplacement, requires"
"setinventoryknown, inv, vinv, pto, pfrom, pushmessage"
"development, org, useable, integration, bitcoincore, https"
"bitcoinclassic, vote, miners, classic, merge, users"
"core, bitcoin, developers"
"nicholas, martti, malmi, for, the, new"
"translation, message, source, secp256k1, self, hodlcoin"
"translation, message, source, streaming, admin, block"
"translation, message, source, amp, self, admin"
"echo, eights, welcome, cho, solaris, say"
"chainid, key, dchain, hdchainid, pub, master"
"wendy, update\n, first"
"syscoin, w64l, w64lit, cryptopp, as2, integer"
"visual, msc, ver, correnction, studio, definition"
"pindexstart, rescanblockchain, pindexstop, pwalletmain, pindex"
"socket, addr, foreach, cnode, sockaddr, hsocket"
"strhtml, ismine, multiparty, fallfromme, debit, wtx"
"usable, immediately, for, binary, well, information"
"asset, issuer, issuance, issuerid, assettype, cissuerid"
"translation, head, source, message, the, numerusform"
"demo, this, file"
"owned, notifier, pair, valuefromamount, qpublish"
"translation, message, source, amp, tor, self"
"translation, message, source, amp, the, wallet"
"tolerance, latestnow, tolerate, latest, blocktime, latesttolerated"
"cryptogaule, noop, gaule, translate, crypto, cryptogauled"
"bitcoinn, transifex, the, technology, collectively, regularly"
"max, block, size"
"beardcoin, translation, source, the, core, bdc"
swedcoin
"phtevencoin, translation, source, the, core, phtevencoins"
"athenicoin, money, technology, collectively, digital, instant"
"existinpool, exist, maptx, pool, inputs, mempool"
"exeext, builddir, real, dyin, enable, bitcoincli"
"becoin, translation, coin, source, the, core"
"nsubsidy, subsidy, nheight, height, coin, camount"
"maturity, coinbase, max, block, size"
"translation, location, unfinished, source, message, line"
"max_block_size, limit, sanity, between"
"isstandardtx, standard, isinvalid, invalid"
"derivative, library, you, this, work, contributor"
"chainactive, tip, checkpoints, pcoinstip, pcoins, 1fmib"
"translation, message, source, c32e, c64e, sph"
"ulps, ulpsequals, equals, methods, priority, serialize"
"acceptor, uni, boost, asio, univalue, rpc"
"fskiptxvalidation, skiptxcheck, skip, validation, sigops"
"jsonrpcerror, throw, invalid, rpc, parameter, error"
"transifex, deterministic, notes, pruneheight, transmission, communication"
"translation, message, source, amp, self, the"
"gavin, pindexlast, andresen, max, pindex, brain"
"reference, https"
"jontycoin, jointycoin, jpg, integration, staging, tree"
"monocle, translation, source, uvz3k, zqg, c3djw"
"bitcredit, deposit, claim, wallet, block, coins"
"vanikey, sendtovanikey, lookupvanikey, strhash, vani, utilvanikey"
"rescan, height, nrescan, pindexstart, tipheight, nblocks"
"tian8tiantian999, pchmessagestart, vseeds, pch, sseed, cdnsseeddata"
"translation, omni, message, source, property, propertyid"
"dfreecount, targetspacing, nlasttime, nnow, spacing, pow"
"banpeer, ping, peer, ban, column, peerwidget"
"chmac, write, sha256, len, size"
"idx, vchpushvalue, stack, script, getopname, print"
"signature\n, complete, true|false, boolean, transaction, has"
"translation, message, source, defecte, comissi, per"
"posix, adjustor, time, ptime, utc, boost"
"she, thwarted, inform, located, collect, master"
"truthcoin, fdlibm, market, translation, source, vote"
"isstandardtx, returned, standard, already, have, will"
"halving, subsidy, interval"
"translation, source, context, amp, name, message"
"fabricio, matos, loyalty, coins, developers"
"genesis, hashgenesisblock, nnonce, uint256, 5if, revolutionizing"
"nxt, access, inside, statuslabel, accessnxt"
"inconsistencies, upload, detected, held, warnings, adds"
"translation, source, func, aicoin, coin, context"
"nxt, access, inside, statuslabel, addressin"
"brew, db4, java, link, berkeley, force"
"base58prefixes, ext, secret, key, address, pubkey"
"strcmd, cmd, txnotify, errno, errormessage, nsize"
"nnonce2, nonce2, pblock, pblocktemplate, block, halving"
"ntimefirstkey, pwalletmain, imported, pwallet, whenever, scan"
"translation, message, source, amp, self, address"
"translation, source, yescrypt, context, bout, salsa20"
"nnonce2, nonce2, pblock, pblocktemplate, block, halving"
"paper, font, text, qmessagebox, verticallabel, wallet"
"translation, message, source, numerusform, amp, fee"
"int64, time, namount, gettimemicros, account, micros"
"ddebug, inconsistencies, lockorder, demand, are, inserts"
"strsubnet, invalidreason, octets, strcompleteaddress, hextets, reason"
"brew, interactive, db4, link, berkeley, rest"
"nversionthatwrote, wrote, version, that"
"reliable, jenkins, pull, makeseeds, patches, automated"
"failing, cpp, default, addwallet, setcurrentwallet, rpcpassword"
"accepttomemorypool, nonstandard, pool, accept, input, memory"
"pblock, blockv2test, block, params, halving, majority"
"nnonce2, nonce2, short, nonce, nversion, block"
"mazacoin, mazacoind, mzc, mazacoinaddress, timespan, d1zr"
"translation, message, source, amp, the, apos"
"addrman, nmaxoutbound, outbound, strusage, max, hate"
"pdbenv, pblock, blockv2test, testingsetupmanager, block, boost"
"whatismyasn, www, cservice, addrip, pszget, iponly"
"dannycoin, jpg, copyright, money, org, www"
"pto, pfrom, inv, pindex, block, condmessagehandler"
"libtool, compile, echo, requires, missing, dev"
"pair, orphan, pfrom, size, push_back, key"
"x11, strerrors, wallet, script, strmessage, errors"
"clustercoin, cluster, coin, source, translation, the"
"error, payment, qwarning, dos, throw, failed"
"ticket, hashticket, pblock, hashrewardsig, hash, merkle"
"quark, c32e, c64e, translation, sph, source"
"sigops, p2s, p2sh, max"
"parsebitcoinuri, tostdstring, guiutil, arg, parse, util"
"div, span, href, nbsp, mshelp, shelp"
"bitnote1, source, translation, the, unfinished, quot"
"ff,0x, group, ecerr, err, cerr, len"
"scrypt, xmm3, xmm1, xmmp, xmm2, si128"
"translation, source, message, context, amp, amount"
"auroracoin, translation, source, unfinished, the"
"latinumcoin, lat, latinumcoinaddress, address, numeric, mlat"

"translation, location, line, msc, offer, exodus"
"statsclient, stats, gauge, statsd, client, statsdclient"
"sexcoin, noop, translate, scrypt, epi32, rotl"
"translation, message, source, c32e, c64e, sph"
"comercio, colectivo, resiste, yasun, guayaquil, apr"
"vote, halvings, inflation, inflationvote, miningvote, subsidy"
"inflation, inflationrate, miningvote, vote, short, rate"
"translation, location, line, message, source, unfinished"
"unlimited, translation, source, message, self, block"
"feathercoin, translation, stealth, checkpoint, message, source"
"translation, location, line, bitundo, message, source"
"nsacoin, sacoin, source, translation, the, quot"
"translation, message, source, secp256k1, self, numerusform"
"dorkcoin, dorks, buy, tags, enables, currency"
"scrypt, xmm3, xmm1, xmmp, xmm2, si128"
bogus
"npayfee, ntransactionfee, nbytes, int64, fee, pay"
"translation, amp, caps, csv, lock, uri"
"money, int64, coin, max"
"boy, line, now, source, have, bitcoin"
"sayacoin, orphan, pfrom, key, sayacoind, slice"
"respend, nodes, spend, frespend, conflicts, respendsobserved"
"genesis, psztimestamp, checknonce, nnonce, nonce, psz"
"self, chain, con, tmpdir, args, consensus"
"genesis, hashgenesisblock, newsweek, bertrandom, face, uint256"
translation
"source, translation, quot, s17iag9j, d1v, xjv"
"vout, pair, push_back, entry"
"correct, coin, scarcity, scaricity, boost, violated"
"mythcoin, mhc, foundation, reference, implementation"
"towelcoin, cryptocurrency, hitchhikers, copyright, the, for"
"websocketpp, transport, handler, websocket, lib, asio"
"tatcoin, translation, base58prefixes, pchmessagestart, sseed, cdnsseeddata"
"tatcoin, translation, base58prefixes, pchmessagestart, sseed, cdnsseeddata"
"reply, pindex, redis, transactiongraph, redisreply, freereplyobject"
"participation, fitbit, paid, fit, proof, epoc"
"patacoin, source, translation, the, quot, your"
"riecoin, translation, source, gradient, unfinished, the"
"base58prefixes, bitreg, checkpoints, tcp, bitcore, mar"
"extractpubkey, finvalid, help, helpexamplecli, fhelp, signature"
"libcoin, hash, ctor, gnu, endpoint, general"
"falckoin, noop, translate, translation, source, falckoinaddress"
"n2s, ln2squared"
"mxfile, gecko, diagram, win64, useragent, khtml"
"circles, what"
"dollarcoin, noop, ccoinaddress, translate, coinunits, coin"
"money, int64, coin, max"
"dbg, pto, sendmessages, addr, print, node"
"translation, location, message, source, megacoin, unfinished"
"translation, message, source, secp256k1, self, the"
"span, href, boost, class, identifier, special"
"setspends, getinpoint, getoutpoint, point, ptx, spender"
"hydracoind, translation, pid, noop, hydracoins, cpp"
"africoins, translation, source, your, uint256s, p1begin"
"bitshares, pts, noop, translate, birthday, cpp"
"cmake, cpp, dir, endif, definitions, set"
"libboost, dev, filesystem, program, thread, options"
"translation, bitmono, por, estas, eraro, defaŭlte"
"redisnotifier, redis, rpnotify, spirit, rpnotifyhost, rpnotifyport"
"stdout, testtestest, nmintxfee, fflush, cout, fprintf"
"pair, push_back, getblocktransactions, txin, object, array"
"dropcoin, spacing*2, ntargetspacing*2, testnet, sseed, cdnsseeddata"
"spoofing, pair, properties, reply, confirmations, push_back"
"translation, source, message, amp, zetacoins, core"
"method, vallow, rpcipcmds, strmethod, allowed"
"jsonrpc, self, lesser, foundation, service, public"
"forcerescan, pwalletmain, pwallet, fhelp, spirit, forces"
"echo, bat, ewblibs, errorlevel, goto, mingwpath"
"strcmd, cmd, txnotify, execute, runcommand, strusage"
"c32e, c64e, sph, c64, u64, sifcoin"
"setpwalletregistered, lock, unregisterallwallets, unregister, wallets, clear"
"translation, transakcji, transakcja, debugowania, brak, poka"
"diosys, translation, source, location, message, line"
"cloudcoin, launch, miles, june, jonathan, windows"
"scrypt, xmm3, si128, xmm1, xmmp, xmm2"
"aux, pblock, pair, auxpow, block, pow"
"pblock, pindex, pindexmostwork, pindexiter, pindexnew, state"
"nmindepth, depth, nbalance, account, min, balance"
"partitioncheck, collect, spendable, func, confirmations, logprint"
"dividends, bitshares, shares, the, dividend, nunit"
"lotcoin, digital, exchange, litecoin, currency, tags"
"translation, location, message, source, line, unfinished"
"priority, viewtemp, vecpriority, porphan, ntxsize, ntxsigops"
"highlights, blockstream, emptor, cliff, caveat, client"
"nbegin, casttobignum, stacktop, nend, begin, getint"
"fhelp, array, spirit, pwalletmain, mapwallet"
"garrcoin, noop, translate, garr, core, block"
"the, goals, easier, coin, for, implementation"
"rawtransaction, raw, transactionrecord, transaction, sstx, rawtransactiondata"
"bytecoin, translation, source, whp, yfejmq, za1c"
"crypter, ctypes, self, digit, ssl, pwcheck"
"gettestecho, spirit, fhelp, array, params, echoing"
"codec, qstandardpaths, qtextcodec, query, paths, tooltip"
"leading, zeroes, ones, base58, encoded"
"cbitcoinaddress, multiset, setaddress, address, bitcoin"
"strcmd, cmd, txnotify, runcommand, thread"
"translation, source, prime, checkpoint, quot, s17iag9j"
"fallowfree, nminfee, free, allow, fee, allowfree"
"i2p, sam, session, socket, native, outbound"
"expired, fexpired, wtx, pindex, isexpired, setbestchain"
"translation, amp, uri, bitcoin"
"cert, alias, pair, calias, key, owners"
"dump, nmindepth, oldsize, nsize, vmsg, loopforever"
"channel, hsocket, st3, treazanttest3, socket, send"
"array, dumppubkey, jsonrpcerror, nrequired, value"
"translation, source, stake, unfinished, checkpoint, quot"
"sysperms, umask, getboolarg, functionality, initerror, strusage"
"unfinished, translation, freicoin, location, source, line"
"ftxindex, jsonrpcerror, txindex, downloaded, utxo, index"
"pwalletmain, pwallet, array, fhelp, cwallet, user"
"translation, source, message, context, amp, litecoins"
"associatedlabel, isempty"
"s\r\n, authorization\r\n, rfc1123time, origin, access"
"orphan, pfrom, key, slice, iter, size"
"i0coin, aux, auxpow, pow, pblock, i0c"
"formats, within, used, that, bitcoin"
"pfrom, stats, logprint, pindex, dyn, mempoolstats"
"readonlychain, pszmode, openblockfile, filein, ww7, nfile"
"pfrom, strsubver, tostring, c_str, addr, logprint"
"ntargetspacing, bnproofofworklimit, cbignum, spacing, proof, big"
"pair, txar, vpostqueue, cpostrequest, threadhttppost, vnthreadsrunning"
"growl13, growl, growl12, app, notification, cfurl"
"dummywidget, dummy, setparent, widget, window, hiding"
"translation, cpp, filename, location, message, bitcoinstrings"
"chronocrypt, protocol, proof, peer, client, time"
"translation, message, source, self, secp256k1, numerusform"
"cbitcoinaddress, secret, keydump, key, address, pwalletmain"
"upnp, use"
"spaculator, pcoin, disregard, pub, key, extract"
"i0coin, wxmessagebox, wxok, timespan, wxicon, pindex"
"translation, message, source, quot, amp, numerusform"
"symbitcoin, symbiotic, currencies, price, dollar, riding"
"ixcoin, aux, pair, auxpow, straddress, hash160"
"wallet, dat, getarg, arg, statictext41, wxstatictext"
"duckcoin, txnew, psztimestamp, block, getarg, rpcport"
"hub, conn, frun, work, stream, pblock"
"hex, txin, script, scriptsig, scriptpubkeytouniv, univ"
"wtxnew, vec, pcoin, vecsend, int64, sendexact"
"translation, message, source, numerusform, the, defecte"
"ccc, logging"
"int64, min, fee, relay"
"listen, port\n, port"
"nminfee, fee, min, tonal, getminfee, fallowfree"
"self, revision, aux, namecoin, name, jsonrpc"
"pdata, controlurl, port, upnpcommand, servicetype, pinhole"
"priority, nicestart, wxmsw, setpriorityclass, getcurrentprocess, process"
"iphone, simulator, export, pair, openssl, ios"
"working, intelligently, echo, roundint64, machine, get_real"
"cbignum, pindex, uint256, event, block, uint160"
"bignum, bnn, bnx, ctx, bnk, bnc1"
"pcoin, coincontrolpage, coin, control, groupings, address"
