"author, serializes, json, constant, classmethods, methods"
"karappo, errors, blank, message, add, name"
"event, file, prototype, status, addeventlistener, slice"
"preloaders, preloader, associations, preload, preloading, customhash"
"response, body, cgi, unescapehtml, unescaped_body, escapehtml"
"scope, controller, current, translation, index, stub"
"understanding, relational, thus, w3schools, sqlcourse, study"
"difference, expressions, num, object, assertion, hash"
"uploads, cors, gcs, configure, md5, yourhost"
"counter, replace, repace, called, after"
"win32, hex, random, currently, urandom, cryptoapi"
hello
"server, rails"
"cockroach, cockroachdb, cockroachdbadapter, joey, adapter, cockroachdbtestcase"
"restrict, author, nullify, dependent, destroy, delete"
"yay, coding, get, you, rails"
"you, rails, ruby, this, article, and"
moo
"montreal, hello, from"
"welcome, rails, but, only, for, test"
"boooop, what, hey, more, textsssss, itisamystery"
"values, value, default, nil"
"mapper, kernel, scope, spacename, railtie, eval"
"assert, fix, equal, post, test, topic"
"smtp, port, tls, mailer, mail, actionmailer"
"quails, pull, rubyonquails, github, https, application"
"has_changes_to_save, association"
"shakespeare, unattributed, william, assistant, book, permitted"
"after, validation, proc, before, save, commit"
"mailer, mail, email, mailers, base64, openssl"
"numberrange, high, low, numericality, greater, logger"
"myapp, where, application, name"
"head, html, doctype, title, body"
"ips, forwarded, proxies, req, client_ip, x_forwarded_for"
"welcome, forked, rails"
"token, authenticity, csrf, form, per, rejects"
"article, automagically, passing, edited, submitting, form"
"first, array, equal, assert, satisfy, item"
"joined, posts, example, references, where, beforehand"
"webpacker, usage, javascript, import, rails, just"
"ignore, errors, load, filename, dan, env"

"hash, deprecated, parameters, methods, params, implements"

"rendered_format, finder, push, json, format, html"
"token, authenticity, form, row, pull"
"completing, permissible, bad, request, parametermissing, this"
"jid, job_id, job"
"roule, routes, actionpack, puts, add:128, get:137"
"header, ips, use, forwarded, proxies"
"domain, cookie, fix, rizanreza, cookies, empty"
"mxfile, win64, gecko, diagram, windows, x64"
"study, sorry, pull, how, just, want"
sdfsfd
"created_at, product, comments, render, where"
"philip, kurlovich, destroy, fix, returns, destroyed"
"mapping, add_route, route, add, set, name"
"env, could, stderr, stubs, puts, tasks"
test
"blake, hitchcock, comment, joins, chained, comments"
"you, rails, ruby, this, article, and"
"code, put, your, restart, goes, begin"
"before, johnstone, after, now, second, nick"
"number, float, strip, bigdecimal, to_s, is_a"
"article, die, der, das, articles, und"
"script, src, host, protocol, pipeline, url"
"coder, legacyyamladapter, convert, activerecord, record, self"
"port, daemon, pid, aliases, server, options"
"script, src"
"welcome, rails"


"you, rails, ruby, this, pull, and"
"texthelper, helpers, actionview, beautiful, view, tag"
"zhouzhou, web, ruby, added"
"welcome, rails"
"formatter, logger, modes, log_formatter, simpleformatter, rails"
"locale, minutes, less, seconds, count, distance"
"contribution, fork, start, will, this"
"modules, npm, assets, yarn, node, downloaded"
"cact|octop|vir, inflect, plural"

"dupped, params, permitted, deep_dup, deep, person"
"frozen, literal, string"
"public_file_server, static, serve, config, index_name, headers"
"daugavpils, bitch, intramural, clowns, wowbeasts, welcome"
"conn, fixtures, fixtures_maps, each_pair, klass"
"ruby, love, say, output, august, railsinstaller"
"rat, primary, rats, node, left, scope"
"translations, world, interpolations, translation, translate, interpolated_html"
"wraith, alerted, cause, fall, wraithalerted, wraithattack"
"rails, you, your, this, will, patch"
"programmers, rails, https"
"player, cmds, cmd, play, opts, pid"
"chat, room, stream, params, for"
"license, program, ldquo, rdquo, work, you"
"origin, request, authenticity, csrf, warn, verify"
"fixture, path, fixture_path, upload, instance, reference"
"includes, json, temp, convert, arr"
"rec, new_record, reflection, owner, insert, validate"
"issues, adasda, github, searching, reported, hub"
"you, rails, ruby, this, article, and"
"relation, extending, values, send, multi, joins"
"strftime, offset, formatted, time"
"rescuable, exception, rescue, handler, raise, include"
"mod, instance_methods, const, could, found, is_a"
"expires, time, stub, compress, cache, foo"
"jdsj, partials, index, rendered, tap"
"therefore, thought, almost, engines, thing, applications"
"identifier, identifiers, array, respond_to, select, accessor"
"recent_chars, char, line, ending, endings, unix"
"article, each"
"token, random, secure, attribute, options"
"const, autoloaded_constants, clone, constant, remove, each"
"load_schema_calls, version, klass, versions, lock, sql"
"word, gsub, downcase, to_s, value"
"yaml, pathname, tabs, psych, yml, convenience"
"reply, context, content, replies, title, errors"
"parrot, parrots, treasures, arr, ordered_rows, treasure"
"tables, ignore_tables, ignore, configuration, tasks, structure_dump"

"memoize, jeffrafter, url, helpers, routeset, supports"
"rack, logger, methodoverride, come, rails, started"
"watch, watcher, waiting, timeout, start, kill"
"logger, resp, started, filename, response, line"
"prepend, presence, validate, freeze, valid, unless"
"entries, entry, order, title, entry_1, entry_2"
"rake, bin, migrate, migrations, blorgh, install"
"gsub, super, file, name"
"pidfile, pid, restart, command, server, rails"
"namespaces, namespace, verbose, configurations, migration, configs"
"permitted, book, reviews, romance, description, nested"
"materialized, until, supported, postgresql, advisory, postgre"
"articles, article, params, permit, form, title"
"controller, action, require"
"integer, bigdecimal, decimals, frac, raw_value"
"categorizations, stmt, count, conditions, special"
"rubyonrails, http"
"seed, ruby, rake, code, run, and"
"sid, cache, generate, read, key"
"callback, around, prepareå’Œclass"
"env, rails, prepare, bin, system, test"
"pool, klass, superclass, for, return, base"
"rails, readme, ruby, view, mvc, layer"
"multipart, templates, collector, template, explicit, marcus"
"puts, file"
"group, comments, values, ordered, posts"
"uninitialized, moody, cache, chris, activated, store"
"tld, length, host, split"
"except, validation, topic, context1, context2, contexts"
"invalid, exceptions, validation, message, thrown, recordinvalid"
"require, active"
"validating, typecast, acceptance, considered, easily, validation"
"assert, fixes, rails, ruby, equal, constant"
"expires, cache, write, abcefghij, separator, entries"
"knuth, donald, offset, fri, jul, swaathi"
"nbsp, uma, que, para, como, fazer"
"relation, limit, amir, yalon, num, take"
"updated_at, time, developer, updated, previously, utc"
"s+create, s+add, output, users, match, email"
"encounter, pulled, again, query, cache, same"
"assert, equal, option, name, post, value"
"guides, hackfest, rails, transform, along, ongoing"
"quoted, unquoted, type_cast, conn, equal, assert"
"association, value, associated_table, nodes, where, arel"
"codebases, trackers, conduct, github, rooms, rails"
"compatibility, asset, dir, cache, store, javascripts"
"compatibility, asset, dir, cache, store, javascripts"
"_reflections, base_class, descendants, reflection, merge, to_s"
"search, vector, joins, args, chain, filter"
"bow, wrap, arrow, bar, foo, array"
"ersin, akinci, arr, fixes, fix, rake"
"credentials, pretty, username, password, please, partition"
"deserialize, type, booleans, casting, integer, database"
"mxfile, intel, macintosh, gecko, diagram, mac"
"quit, started, logs, wait, logger, invalid"
"assert, equal, render, firm, post, controller"
"concerns, you, why, what, controllers, your"
"psql, unable, structure, exited, shellwords, exitstatus"
"delegator, anand, mohanaveeramani, topic, simpledelegator, fixes"
"wraps, accepts, builders, form, formoptionshelper, scrubber"
"host, binds, rails, specified, default, options"
"envelop, between, self, html, retrun, apostrophes"
"gr8, usage, welcome, thing, install, puts"
"interpret, how, both, appear, route, routes"
"mailbody, last_response, seamless, body, iframe, mail"
"const_defined, json, encoding, activesupport, support"
"welcome, rails, test"
"map, category, hash, collection, ran, path"
"sql, result, sleep, break, log, while"
"fixture, fixture_path, backup, class_exec, path, testfixtures"
"concurrency, allow"
"photos, photoscontroller, route, incoming, sekret, show"
"i18n, locale, you, your, english, this"
"env, rails, environment, stringinquirer, staging, options"
"dockerfile, onbuild, docker, fullversion, echo, version"
"dev, rake, jussi, mertanen, development, restarts"
"job, hellojob, jamie, callbackjob, history, ran"
"value, duration, parts, seconds, other, per"
"dockerfile, onbuild, docker, fullversion, echo, version"
"shift, pop, keep, select, delete"
"callback, kai, huang, before, log, invoked"
"encrypted, cookie, salt, action_dispatch, secret, env"
"rails, ruby, pull, article, github, https"
"cap, conn, reset_pk_sequence, sequences, sequence, max"
"deadlock, transaction, original_exception, manager, conn2, error"
"attributes, nested, names, sym, concat"
"attribute, inject_options, pluralize, table, polymorphic, foreign"
"pirate, attributes, parrots, nested, damian, mastylo"
"pluck_hashes, arr, period, pluck, column_names, column"
"dockerfile, onbuild, docker, fullversion, echo, version"
"destroy, records, car, dependent, collings, indestructiblecar"
"readonly, dev, destroy, check, readonlyrecord, args"
"arel_engine, where_sql, nth, could, klass, recordnotfound"
"additionally, dealing, numeric, zero, query, values"
"onclick, value, href, tag, function, content"
"arg, part, blank, select, keys, args"
"concat, records, self"
"temp, safe, attrnames, name, attributemethods, attribute"
"cancel, each"
"phone, tel, span, call, href, link"
"update, updates, supplied, logins, account, default_scope"
"trace, computer, substitute_at, wrapper, models, exceptionwrapper"
"message, options, proc, call, except, callbacks"
"dockerfile, centos, docker, onbuild, cent, repositories"
"property, fooobject, form, foo, obj, other"
"permitted, agency, bourne, persons, bond, jason"
"options, nil, serializable_hash, def, indent, contact"
"builder, form, stage, controller, host, captcha"
"rbx, ruby, engine, version"
"sam, here, was"
"padrino, dockerfile, onbuild, fullversion, echo, version"
"puts, caller, recordidentifier, identifier, object, blank"
"adj, precaution, lured, stark, fend, neglect"
"calculation, operation, perform, column, options, name"
"controller, action, derived, dispatch, base, record"
"paths, dirname, path, file, puts, each"
"uuid, securerandom, digest, namespace, random, secure"
test
"version, response, shallow, gem, foo, assert"
"trace, wrapper, traces, framework, prev, counter"
"u518d, u89c1, parser, enc, u4f60, u597d"
"join_tables, down, drop, second, table, first"
"join, associations, joins, dependency, tree, subtree"
"alt, omniauth, path, omni, path_suffix, suffix"
"reflection, foreign_key, record, member, save, changed_for_autosave"
"theirs, mine, relation, structurally, arel, combining"
"admin, nuggets, chicken, john, food, user"
"fixes, assert, rails, equal, bin, posts"
"append, alias, version, prepend"
"units, storage_units, opts, key, human, binary"
"felix, welcome, rails, version"
"edward, welcome, rails"
"join, associations, joins, dependency, tree, subtree"
"serialization, run_load_hooks, hooks, model, activemodel, load"
"planning, just, keeping, may, business, sensitive"
"uncountables, inflections, word, downcase, collect, result"
"secrets, aws, secret, ian, mitchell"
"persisting, counterpart, validation, database, issue, operation"
"icon, rel, href, link, ico, apple"
"idx, rows, value, hash, def, end"
"payload, append, info, exception, last_payload, last"
"meth, typeerror, nil, raise, value, not"
"sequence, table, schema, prefixed, looking, to_s"
"ails, everything, framework, web, needed, includes"
"internals, const, cached, gsub, delegate"
"mime, wrap, parameters, format, array"
"eerror, assert, license, lesser, name, i18n"
"smtp_settings, perform_deliveries, delivery_method, business, settings, message"
"shallow, response, version, option, gem, assert"
"preson, convert, person, def, end"
"thread, klass, topic, registry, title"
"attrs, inheritance, columns_hash, hash, is_a, column"
"do_or_do_not, strftime, llo, not, hey, nil"
"shakespeare, william, permit, romeo, juliet, book"
"ids, frank, showalter, primary_key_column, developer, changed_attributes"
"bcrypt, gemfile, secure, password, you, gem"
"find, person, administrator, ids, returns, object"
"time_since_expired, time, entry, stubs, race, now"
"cdn, png, host, asset, source, image"
"conditions, category, all, something, destroy, present"
"autosave, validated, inverse, pirates, bars, pirate"
"unescape, hash1, hash2, hash3, cgi, param"
"mxfile, intel, macintosh, gecko, diagram, safari"
"jsondatatype, json, jsonarr, visitor, add_column, test1"
"hstore, cosman, tags, steve, quote_string, input"
"mailer, configures, initially, default_options, defaults, action_mailer"
"assert, fix, equal, post, topic, test"
"session, global, timezone, exec_query, default_timezone, zone"
"authn, delimiters, auth, regex, pair, token"
"binds, empty"
"ping, troy, troysk, connection, mysql, stat"
"assets, assert, asset, path, attributes, app"
"klass, became, sti_name, inheritance_column, public_send"
"attributes, category, test, name, equal"
"jar, license, cookie, reading, returns, opensource"
"user, suppose, callbacks, destroyed, let, model"
"enum, enums, book, klass, enum_value, enum_attribute"
"post, posts, edit, authenticate, dhh, posts_controller"
"bigdecimal, ipanema, floats, bigdecimals, raw_value, integers"
"mutex, synchronize, assign, attributes, new"
"typo, unable, autoload, constant, define, expected"
"twz, zone, eastern, canada, _parse, parse"
config
debugger
"associated, deleting, object, destroy, controls, this"
"yes, humanize, humanize_boolean, inflector, boolean, trueclass"
"david, foo, array, bar, serializable_hash, method"
"table, cascade, quote, drop, execute, name"
"whitelisted, product, permit, tap, params, data"
"tasks, dbfile, sqlite3, sqlitedatabasetasks, absolute, dbfile_path"
"checking, again"
"railtie, iinitializer, initializer, set_helpers_path, helpers_paths, helpers_path"
"orderedoptions, ordered, hash, options, class"
"climate, codeclimate, https, code, png"
"club, lesson, question, memberships, category, sponsor"
"lstrip, rstrip, chop, succ, swapcase, squeeze"
"show, post, link"
"whitelist, permitted, params, controller, elad, meidar"
"outer_joins, authors, outer, joins, posts, author"
"csrf, security, ajax, tags, forms, meta"
"bind_values, relation, select_value, exists, arel, present"
"uuid, identify, label, fixtureset, dtools, uuidtools"
"bin, channel, migrate, rails, stream, queue"
"jbuilder, berube, marc, fix, note"
"callback, run, user, env, run_user_callback, user_callback"
"png, guides, rubyonrails, http, rails"
"fixes, assert, posts, rails, post, fix"
"becker, mime, header, formatted, accept, fix"
"password, confirmation, confirmed, michi, huber"
"syntaxhighlighter, important, color, brush, printing, toolbar"
"smith, col, connors, o'connors, column, exec_query"
"patterns, line, comment, started, nil"
"concat, alias"
"long, alt, png, image, cid|data"
"initializer, require"
"erubis, eruby, enhancer, erb_implementation, action_view, burchfield"
"date, digit, chapman, jonathan, wed, dec"
"exception, original, message, statementinvalid, reader, attr"
"completed, internal, server, output, rewind, error"
"build_from_hash, predicatebuilder, attrs, table, map, self"
"duplicate, field1, schema, table, schema_2, postgresql"
"ship, uuid, association, pirate, buccaneers, servant"
"bcx, funky, junky, njunky, lines, time"
"locking, optimistically, locking_enabled, lock, enabled, columns"
"subdomain, basecamphq, http, get, response, expressions"
"relative_url_root, config, rindex, application, path, rails"
"eerror, assert, license, lesser, name, i18n"
"macaddr, inet, cidr, float, timestamp, decimal"
"mime, accept, content, type"
"migration, bob, users, table, use_table, name"
"resource, response, put, david, yields, status"
"moneytree, mma, annoyingly, heroku, mar, failure"
"human, notice, redirect, destroyed, singular, name"
"class_name, camelize, to_s, name, class"
"device, devices, locations, location, state, d9e4fc9e"
"delete, dependency, all, dependent, client, since"
"ran, action"
"settings, settings_for_method, normlized, mails, normalized, tmpdir"
"find_if_id, david, person, authors, find, benjamin"
"locale, bill, translations, translation, i18n, hello"
"option, abe, babe, select, cabe, post"
"fraction, digits, usec, respond_to, time, and"
"oid, extracted, type, range, decimal, left"
"repository, interest, url\, our, routes, formatter"
"end_with, pluralize, attr, split, belongs, select"
"syntaxhighlighter, important, color, assert, brush, printing"
"thread, locals, abort_on_exception, key, current, keys"
scope
"server, sse, sse_server, messagebus, drb, acl"
"sprintf, recognized, msg, difference, did, match"
"instance_methods, overwrite, method_added, do_not_overwrite, basicobject, overwritten"
"to_set, array, included_in, included, superset"
"book, column, x00, klass, real"
"sidekiq, github, https"
"with_connection, connection_pool, execute, job, data, base"
"datetime, compare, try, nil, other, super"
"assert, topic, post, equal, test, textarea"
"forget, rails, attrs, gemfile, stuck, branch"
"assert, topic, textarea, post, equal, x27"
"assert, topic, textarea, post, equal, x27"
"constant, autoloading, ruby, constants, hotel, rails"
"eerror, assert, license, lesser, i18n, name"
"weeks, interval, partial, days, null, options"
"compressed, vary, headers, encoding, response, rack"
"column, group, post, groups, find, relation"
"json, brett, carter, decoded, result, encode"
"assert, topic, post, fix, equal, test"
"assert, topic, post, equal, test, textarea"
"yaml, yml, soares, roberto, note"
"pseudo, res, statement, child, nth, match"
"www, params, com, url, http, example"
"converts, header, variable, environment, http, name"
"substr, order, expressions, char, depth, desc"
"invoice, cache_key, cachekeytest, line_items, reload, key"
"death, cold, bang, big, infinite, datetime"
"apostrophe, malformed, utf8, apostrophes, transliterate, parameterized"
"flat, uniq, array, map"
"response_body, json, content_type, parse, self, response"
"number, rounded, precision, digits, rounded_number, multiplier"
"preload_models, dir, basename, app, camelize, constantize"
"rock, hard, alternative, country, pop, option"
"bob, posts, take, sponsor, authors, target"
"encoding, utf, encode, value"
"argv, chomp, version, file, pop, expand_path"
"app, session_class, session, routes, helpers, integration"
"fingerprint, you, master, starting, files, concatenating"
"dir, glob, slow, cache, windows, updating"
"templates, while, generators, association, finds, such"
"assert, topic, post, equal, test, textarea"
"uuid, primary, key, generate, default"
"autosave, association, rollback, records, associated, destroy"
"bytea, unhex, data, binary, symmetric, ref"
"optgroup, germany, label, container, canada, option"
"mysql, unittest2, unittest, database, create, rails"
"topic, columns, ignored, column, ignored_column, ignore_columns"
"maximum, topic, minimum, validates_length_of, allow, title"
"margin:0, padding:0, display, div, style, none"
"flashes, flash, absence, karma, discard, to_session_value"
"syntaxhighlighter, important, color, assert, brush, printing"
"entrant, course, course2, course1, founded_entrant, course_id"
"search, query, path, always, schema, schema_search_path"
"month, monthnames, date, returns, current, name"
"cast, type, yes, assert, off, equal"
"googleconfig, google_api_key, appconfiguration, google, config, removes"
"fields, select, field, developer, block, args"
"callbacks, after, create, name, honor"
"sweden, denmark, mexico, option, usa, element"
"plural, singular, word, acitve, post', posts'"
"map, parent_resource, actions, put, canonical, destroy"
"eerror, assert, license, lesser, i18n, name"
"eerror, assert, license, lesser, name, i18n"
"comments, reset_counters, reset, counting, post, associated"
"sqlanywhereadapter, anywhere, adapter, nodes, oracle, arel"
"raw_key, kind_of, key, bigdecimal, to_s, owner"
"fixes, assert, time, posts, rails, equal"
"bundled, generate, rails, desc, engine, testing"
"identitymap, swistak, author, identity, posts, assert"
"quarter, prev, months, 31st, local, time"
"column, debugger, mb_chars, limit, to_s, value"
"bundle, rubyopt, gemfile, bin, env, gem"
"connection, delegate, delegation, querydelegation, sql, relation"
"rob, age, name"
"literature, topic, title, validity, independent"
"trim, mode, erubis, percent, erb_trim_mode, noops"
"arel, time, zone, options, fri, nodes"
"datetime, date, time, xml, created, type"
"div, tags, tag, content"
"message, activerecord, record, new, active"
"bind_values, relation, select_value, exists, connection, name"
"parse, str, zone, argumenterror, foobar, argument"
"relation, select, except, limit, order"
"phone, html, number, options, phone_chars, encoded"
"germany, optgroup, canada, label, container, divider"
"humans, txt, humanstxthelper, software, humanstxt, shamelessly"
"script_name, path, selector, addition, eval, script"
"blorgh, quotas, quotum, quota, rule, comment"
"friendship, followers, friend, person, michael, friendships"
"gsub, multiline, cycle, upcase, null, assert"
"phone, blank, person, quota, age, errors"
"topic_1, topic, transaction, state, remember, records"
"typesomething, here, require"
"pull, rails, commit, github, assert, parameters"
"find_each, enumerable, bartlow, partiers, post, result"
"subspecialcomment, queries, finding, find, inherited, executed"
"reply, replies, inverse, inversereply, other_replies, count"
"peter, readonly, readonlyrecord, david, read, deleted"
"eerror, assert, license, lesser, i18n, name"
"fixnum, timeout, wait, wait_timeout, is_a, unless"
"extract, valid_encoding, encoding, default_internal, last_response, force_encoding"
"eerror, assert, license, lesser, i18n, name"
"time, zone, today, current, stubs, in_time_zone"
"index, column, gin, name, branch, creating"
"return, nil"
"ranges, conditions, sort, comment, find, attribute"
"lname, pair, fname, renamed, bart, mapping"
"query_cache_mutex, mutex, synchronize, query_cache, query, cache"
"attribute, gender, i18n_scope, i18n_key, nested, human_attribute_name"
"hour, local, time, dst, beginning, ends"
"ssl, lbreak, protocol, banana, https, redirect"
"simon, guitar, person, title, args, link"
"world, hello, main"
"eerror, assert, license, lesser, i18n, name"
"phil, required, keys, age, keys_not_passed, assert"
"when, nil"
"rows, habtm, targets, table, concat, target"
"widget, factory, relationship, belongs, rails, optional"
"guides, margin, 5em, font, body, border"
"believe, notify, seen, site, owner, you"
"errors, array, messages, wrap, attr_name, save"
"inject_index_options, has_index, attribute, attr, select, attributes"
"eql, str, production, stringinquirer, singleton, self"
"tree, require"
"element, headers, delete, connection, path, options"
"dept, nonquoted, emp, research, emps, depts"
"definitely, uri, maybe, proxied, response, credentials"
"span, title, translation, missing, blog, post"
"rick, person, activeresource, chunked, response, json"
"fast, absorb, xml, builder, instruct, args"
"layout, streaming, layouttest, hello, stream"
"man, titleize, raiders, ark, boondocks, men"
"html, strong, translation, translate, safe, baz"
"relation, select, except, limit"
"syntaxhighlighter, important, color, brush, printing, toolbar"
"methodified, gsub, unpack, sym, name, test"
"time, utc, civil, datetime, local_offset"
"compressor, js_compressor, closure, assets, expand"
"business, consultant, contract, managers, position, many"
"fixes, assert, equal, rails, fix, posts"
"sum, payments, price, inject"
"formats, javascript, request, text, return, include"
"assert, topic, textarea, post, equal, x27"
"address, serializers, lane, json, user, email"
"define_task, rake, task, environment"
"logged, debug, select, relation, logger, exists"
"resource, activeresource, run_load_hooks, base, activesupport, active"
"connection, mutex, connected, disconnect, release, with"
"parts, attempts, date, sec, _parse, mday"
"marshal, store, fixes, dump, value, memorystore"
"posts, scope, select, default"
"sponsor, target, sponsorable, stale, member, autosaving"
"patch, edit, post, whole, form, posts"
"fixes, assert, equal, rails, fix, posts"
"session, data, marshaled, sid, column, sessid"
"flash, now, closed, flashnow, flash_hash, env"
"associations, builder, const_get, extension, association"
"attr, respond, name, read, attribute, send"
"position1, position2, from, returns, self, def"
"singular, respond, table, orm_instance, successfully, name"
"pattern, prefix, templates, virtual, formats, path"
"bargain, blah, barg, symbolized, filtered, niag"
"template_inheritance, parent_controller, inheritance, template, config, controller"
abc
"tsvector, svector, money_precision, postgresqlcolumn, xml, connectionadapters"
"reflection, person, activeresource, customer, external, resource"
"developers, projects, project, many, through, jamis"
"head, client, inside, passed, find"
"serializable, has_key, columns_hash, type, when"
"i18n, init, foo, app, ruby, config"
"loc, stats, statistics, lines, codelines, total"
"catchphrase, parrot, newname, ship, pirate, posideons"
"syntaxhighlighter, important, color, assert, brush, printing"
"param_key, context, recordidentifier, form, blah, record"
"operator, operatormethods, company, companies, methods, companies`"
"sharedmethods, baz, shared, methods, human_class_name, const"
"prefixed, business, myapplication, company, prefix, set_table_name"
"omit, count, singular, args, plural, pluralize"
"assert, fix, equal, post, topic, time"
"distance, words, time, scope, options, locale"
"explain, authors, developer, author, where, refute"
"category, count, validation, author, call, check"
"default_timezone, local, self"
"person, personmodule, title, i18n, store_translations, key_parts"
"plan, decode, silver, xml, activeresource, price"
"fragment, views\, read_fragment, read, logs, foo"
"contract, partial, render, object, revisiting, effectively"
"author, relation, rails, intersection, david, array"
"xml, serializable, customer, raw, value, nothing"
"syms, ivar, unmemoized, memoized_ivar_for, sym, memoizable"
"xml, response, block, csv, higher, priority"
"taxis, plural, taxi, taxes, resources, irregular"
"london, city, paris, address, jean, france"
"views, array, banner, hash, form"
"model, changes, bob, archive, name_changed, changed"
"registered, finally, and"
"old_buffer, default_external, force_encoding, encoding, log, write"
"eerror, assert, license, lesser, name, i18n"
"author_favorites, authorfavorite, construct, post, reflection, associated"
"old_buffer, external_encoding, log, force_encoding, encode, write"
"negative, boole, boolean, balance, within, example"
"migration, remove, attribute, add, action, column"
"assets, attributes, assert, asset, arel, css"
"eerror, assert, license, lesser, i18n, name"
"eerror, license, assert, lesser, man, name"
"identitymap, posts, comments, find, author, queries"
"constant, const, dependencies, reloadable, file, mod"
"asia, europe, america, pacific, africa, australia"
"prelude, bust, gem"
"label, small, unobtrusive, tag, drivers, title"
"mount, strexp, separators, rack, requirements, compile"
"fname, unescape, chars, decode, uri, match"
"directory, skip, fixtures, test_helper, file, test"
"backtrace, cleaner, filters, backtracecleaner, remove, remove_filters"
"resource, collection, find, create, key, nil"
"parametermissing, parameters, required, value, empty, person"
"bundler, console, require"
"file, expand_path, application, join, require"
"remote, button, confirm, form, div, hello"
"count, pluralize, singular, plural, equal, assert"
"para, simple, classy, format, test, npara"
"nonstandard, contracts, developers, company, developer, keys"
"nonblank, country, blank, state, m000186, params"
"routes, mounted, appwithroutes, app, respond_to, resource"
"assets, assert, asset, path, test, attributes"
"upload, release, idiot, rubyforge, sucker, rel"
"remote, data, glass, form, url, beer"
"eerror, assert, license, lesser, i18n, name"
"destroyed, erubis, emit, lint, tiny, minor"
"sunday',0, monday',1, tuesday',2, wednesday',3, thursday',4, friday',5"
"request, json, assert, name, equal, value"
"object_id, record"
"topics, scope, froms, topic, select, mary"
"port, text, tags, open, analyzes"
"withconflicts, callback, callbacks, conflicts, extlib, newcallbacks"
"eerror, assert, license, lesser, i18n, name"
"force_encoding, data, utf, is_a, string"
"layout, find_template, fallback, layouts, view_paths, format"
"scan, flatten, string"
"college, value, persists, cast, save"
"fastgettext, ship, maximum, gettext, attribute, too"
"json, octets, u003cbr, u003e, escaped_chars, decode"
"loose, loosedescendant, looseperson, descendant, sti, activerecord"
"apple, citibank, fixnum, firm, account, today"
"param, embed, mailto, src, email, allowscriptaccess"
"datetime, day, change, respond_to, attributes, attribute"
"time, attempts, rational, offset, utc_time, utc"
"entry, config, env, sudo, options, result"
"reflections, reflection, associations, base, name"
"assert, topic, request, title, message, equal"
"sensitive, monkey, topic, abc, title, enum"
"polygon, float, timestamp, decimal, boolean, binary"
"hinttext, onfocus, element, focus, event, bindaseventlistener"
"reflection, association, attributes, name, method, attribute"
"to_app, end"
"port, portfinder, verbose, puts, checking, finder"
"option, zone, time, twz, assert, dependencies"
"auth, inlinehttpauth, inline, http, token, username"
"isolated, puts, heading, component, build, deferment"
"socket, server, memcacheerror, keyline, cache, mem"
"romeo, juliet, resource, requirements, montague, developer"
"regex, segment, controller, path"
"result, headers, cookies, cookie, parse, pair"
"shopping, price, cart, cast, caster, currency"
"scope, named, reply, namedscope, render"
"topic, update_columns, update, changing, primary_key, reload"
"project, special_project, superclass, special, route, fallback"
"remote, html_options, hello, link, hash, www"
"request, stub, uri, path, assert, request_uri"
"syntaxhighlighter, important, color, brush, printing, assert"
