"proxy, getenv, proxyurl, transport, https, http"
"dockerignore, dockerignorefile, getdockerignorefile, dockerignorefilename, filename, lookupenv"
"todo, windows, fixme, stevvooe, figure, this"
"initramfs, isinitramfs, magic, ramfsmagic, tmpfsmagic, ramfs"
"forked, fixes, branch, bug, around, repository"
"whiteout, isoverlaywhiteout, overlay, hdr, devmajor, devminor"
"cap, resources, spec, cpu, memory, windows"
"pools, predefined, predefinedpools, poolsopt, assert, network"
"timingformat, exectime, starttime, step, now, fprintln"
"i0619, proxysocket, 05260a953d56, gecko, mapped, accepted"
"relfilepath, realpath, rel, sym, path, walk"
"moby, project, the"
"containerd, shim, ctr, clone, proxy, git"
"todo, figure, hackpatch, gnu, why, investigate"
"specification, volume, foo, invalid, typebind, mount"
"mxfile, macintosh, gecko, intel, diagram, useragent"
"font, fill, stroke, translate, rgb, arial"
"string, mobyimpl, artifactid, artifact, groupid, integer"
"bridge, network, endpoint, ncfg, config, port"
"fork, docker"
version
"docker0, iptables, allocate, docker容器的rootfs, libcontainer的config"
"cpuset, cgroup, cpus, cgroupdriver, parent, docker"
"journald, libsystemd, buildtags, pkg, compat, null"
"swagger, types, full, material, elsewhere, representing"
testing
"sudo, starting, cut, aux, dockerd, kill"
"pkill, prune, dockerd, shell, bind, dir"
"pacman, archlinuxarm, aarch64, archlinux, keyring, arch"
"role, pull, vip, https, node, spec"
"manage, description, swarm, github, docker, command"
"font, fill, stroke, arial, rgb, translate"
"add, service, github, docker, fix, option"
"gpu, cgroup, checkout, git, dir, clone"
"java, gradle, rem, home, exe, goto"
"factory, forked, patterns, notifier, closenotifier, go:87"
"clnt, layer, router, container, containerid, summary"
"service, deactivate, isserviceenabled, binding, enableservice, sandbox"
"rsync, rlv, docker, ivic, lc12, pkill"
"volume, value, other"
"export, install, osxcross, git, proxy, swagger"
"cask, fixture, unar, homepage, formula"
"proxy, docker, python, arif, ahmed, dockerdev"
"alpine, arch, rel, printf, optarg, numeric"
"plugin, enabled, description, whether, name, not"
"vossibilitystack, dab, vossibility, deploy, bundle, file"
"docker, engine, driver, couchbase, container, storage"
"mac, windows, ns|us|ms|s|m|h, toolbox, duration, restart"
"mac, windows, toolbox, docker, dockerized, microsoft"
"simplejson, visit, importing, gopkgdoc, interact, arbitrary"
"hyderabad, raghu, steppenwolf, india"
"plugin, docker, container, description, volume, inspect"
"tapcon, hash, git, libport, principal, sourcectx"
"sqlite, sqlite3, expr, pager, pparse, assert"
"experimental, metadata, custom, duplicate, labels, false"
"shields, release, img, engine, svg, docker"
"head, clone, git, github"
test
"add, service, github, docker, fix, option"
"methodologies, shipping, deploying, quickly, testing, code"
"hey, warningf, infof, printf, logrus, debugf"
"github, add, fix, service, swarmkit, docker"
"font, stroke, fill, arial, normal, rgb"
"font, fill, stroke, translate, rgb, arial"
"unix, sock, daemon, usr, bin, dockerd"
"tar, xattrs, acls, numeric, owner, rootfs"
"window, restart, evaluate, none, policy, value"
"notify, closenotify, closenotifier, notifier, debug, exited"
"lsb, redhat, centos, dist, releases, both"
"display, format, port, print, type, return"
"mountpoint, respond, occurred, mounted, string, volume"
"fix, docker, thin, pool, bolt, engine"
"network, configuring, docker, enterprise, opensuse, suse"
"pool, cve, dmsetup, concurrent, docker, max"
"numeric, owner, success, name, target, tar"
"pacman, dev, arch, manjaro, mknod, rootfs"
"inside, run"
"stroke, font, fill, arial, rgb, miterlimit"
"networks, dockernetworks, getting, started, rely, trying"
"describing, conveyed, experiences, took, intent, precisely"
"ipset, myset, output, err, println, fmt"
"unneeded, conf, rootfsdir, dir, system, mounts"
"mxfile, macintosh, gecko, intel, diagram, useragent"
"codebeat, 285d, 40c1, aa37, e4e52efc75b6, shields"
"aaa, sou, rce, ship, pack, application"
"license, international, creative, commons, attribution, inc"
"selection, column, editor, provider, false, option"
"think, phone, your, book, exactly, application"
"consider, your, you, when, issue, production"
"stroke, fill, translate, font, transform, rgb"
"cluster, hosts, identify, unique, members, hostnames"
"refactoringczxc, features, and"
"fix, add, docker, runtime, improve, registry"
"pwd, privileged, bin, bash, 120m, fsdriver"
"stroke, font, fill, arial, rgb, miterlimit"
"true, cache"
"stroke, font, fill, arial, rgb, miterlimit"
"stroke, font, fill, arial, rgb, miterlimit"
"usr, env, bin, bash"
"stroke, font, fill, arial, rgb, miterlimit"
"docker, security, privilege, containers, host, daemon"
"deletes, cycle, therefore, volumes, never, automatically"
"busybox, stars, internet, search, automated, progrium"
"syntax, vundle, vim, pathogen, highlighting, plugin"
"self, contrail, vnc_client, response, veth, tenant"
"moby, repository, originally, patches, under, now"
"container, docker, xvdc, label, ubuntu, the"
"cent, centos, minimal, installations, firewall, selinux"
"sudo, backup, service, docker, stop, wget"
"ver, uversion, dversion, orig, dfsgfilename, origver"
"docker, trust, machine, toolbox, content, trusttest"
"dist, lsb, trisquel, codename, belenos, release"
"bridge, connects, network, container, static"
"awesome, articles, projects, you, project, tools"
"care, note, dependencies, long, built, docker"
"primitive, variables, environment, dockerfile, myname, env"
"fix, docker, thin, pool, github, bolt"
"sudo, downloads, service, world, runs, hello"
"docker, menu, metadata, smn, keywords, false"

"bridge, network, connects, router, container, hosts"
"plug, response, request, authorization, byte, body"
"setns, sys, defined"
"impacted, daemon, containers, doable, unrelated, proposal"
"birthday, attendees, party, qingzhan, nfschina, com"
"lightweight, test, container, github"
"unikernels, applying, cloud, secure, unikernel, leaner"
"installed, follow, once, ssl, installer, terminal"
"put, image, get"
"span, hkern, class, glyph, prototype, font"
"raspberry, hypriot, raspbian, card, flash, arch"
"dev, mknod, rootfs, archlinux, arch, pacman"
elementary
"repo, arch, vars, setup, echo, image"
"bundles, bundle, shell, on文件存储了当前在开发的docker, v可以知道git"
"lsb, dist, lower, upper, cut"
"test, integration, elif, bundles, cross, unit"
"protects, happened, what, actually, remove, container"
"assumed, instruction, tag, latest, given, the"
"registry, boot2docker, docker, mary, lsb, april"
"yang, stephen, herbein, ayush, dusia, aaron"
"registry, boot2docker, docker, mary, lsb, april"
"configuration, application, management, information, cloud, applications"
"ver, patch, dockerfile, fedora, centos, red"
"installer, boot2docker, init, the"
"font, stroke, fill, translate, arial, rgb"
"extfile, cnf, address, commas, subjectaltname, acreateserial"
"kitematic, underway, mac, easiest, submitting, listed"
"buildflags, orig, eval"
"priority, allow, processes, cpu, false, real"
"ports, seconds, 4c01db0b339c, webapp, column, exposes"
"codes, query, status, parameters, swarm, node"
"changelog, log, change"
"ignore, cgroups, processes, control, killing, groups"
"kate, sudo, smith, gem, ouruser, sinatra"
"false, attach, true, ubuntu, default, image"
"beginning, block, docker, usage, help, command"
"exec, xpost, pull2, docker, curl, latest"
"window, chtype, acs, alt, key, cchar"
"auth, authentication, certificate, daemon, client, key"
"expanded, hours, ago, exited, turn, 6e73b3ce8098"
"pulldocker, function, contains, main"
"rescan, quota, qgroup, 100g, btrfs, subvolume"
"python3, python, wget, basedir, tms, cgroup"
"ceph, driver, reference, known, graph, rbd"
"restart, managers, always, docker, containers, manager"
"font, fill, stroke, translate, rgb, arial"
"oct, last, update"
"oxz, tar, xz\n, pub, initdb, alpine"
"bz2, tar, tarfile, rootfs, add, file"
"notarynet, sandboxregistry, notarysandbox, server, network, create"
"string, serveraddress, auth, notice, quotes, password"
"false, predefined, predefinedvalue, defaultvalue, value, ref"
"containers, omitempty, images, post, name, json"
"logfile, target, yum, echo, mknod, systemimage"
"road, decisions, solomon, philosophy, pull, map"
"domainname, cpuset, networkdisabled, cpushares, disabled, shares"
"stroke, font, fill, arial, rgb, miterlimit"
"gentoo, overlay, ebuild, enables, official, flags"
"v20140522, image, https"
"container, docker, host, registry, bridge, nav"
"mac, windows, whatever, boot2docker, tells, address"
"webapp, container, training, web, volume, dbdata"
fasdfasdf
"google, 2fauth, cloud, playground, 2fwww, browser"
"hack, docker, komment, b2d, ver, echo"
"variant, variantarg, debootstrap, debian, undocumented, ubuntu"
"font, sqlite, sqlite3, stroke, fill, arial"
"href, title, nav, blog, readthedocs, http"
"nerdness, github, linkedin, docker, href, div"
"deployment, dcr, vpn, sudo, openvpn, pgrep"
"sysrq, magic"
"mknod, mkdir, dev, copyfiles, copydev, tarrepo"
"vagrant, docker, confirm, importantly, vagrantfile, restart"
"dnssearch, search, dns, foo, example, nameservers"
"purge, rmi, docker, images, bin, bash"
"inkscape, stroke, sourcecode, connector, curvature, font"
"stroke, font, fill, arial, rgb, miterlimit"
"proxy, debootstrap, variant, arch, dst, getopts"
"workdir, archlinux, name, rootfs, import, tar"
"fig, registry, docker, master, united, compose"
"boot, vivid, configure, upstart, ubuntu, start"
"src, dir, git, shell, docker, gopath"
"inkscape, stroke, connector, curvature, font, fill"
"gitcommit, dir, ldflags, pkgversion, docker, script"
"upstream, git, master, fetch, checkout, origin"
"amazonaws, sudo, curl, docker, https"
